,0,1,2
0,-0.5638822913169861,0.5560440421104431,0.002211265964433551
1,-0.5500172972679138,0.6102561354637146,0.06438253819942474
2,-0.5297669768333435,0.6597121357917786,0.13234761357307434
3,-0.5038785934448242,0.7056732773780823,0.21029309928417206
4,-0.4660787284374237,0.7517325282096863,0.2984831929206848
5,-0.41674044728279114,0.795630156993866,0.3972538411617279
6,-0.3471164405345917,0.8343933820724487,0.5071220993995667
7,-0.2504892945289612,0.866074800491333,0.6214603781700134
8,-0.1194114163517952,0.881412923336029,0.7393099665641785
9,0.04191036522388458,0.8617292046546936,0.8634772896766663
10,0.19373615086078644,0.8031741380691528,0.9821789860725403
11,0.36135345697402954,0.686867356300354,1.086775541305542
12,0.5427286028862,0.5080114603042603,1.1501556634902954
13,0.6964821219444275,0.28025299310684204,1.1387008428573608
14,0.8020403385162354,0.024060824885964394,1.0509334802627563
15,0.8360168933868408,-0.3220323324203491,0.9030587673187256
16,0.7985237836837769,-0.5800080895423889,0.7185441255569458
17,0.7098460793495178,-0.7691858410835266,0.5258420705795288
18,0.5995779037475586,-0.8693224191665649,0.36166730523109436
19,0.49253907799720764,-0.9067144393920898,0.2386997491121292
20,0.3994100093841553,-0.9053610563278198,0.16206352412700653
21,0.31723588705062866,-0.8835338950157166,0.1042102575302124
22,0.2434038370847702,-0.8546099066734314,0.06280812621116638
23,0.17824232578277588,-0.8209378719329834,0.03534489497542381
24,0.11701800674200058,-0.7827563881874084,0.015686355531215668
25,0.06340517848730087,-0.7421448826789856,0.002752552507445216
26,0.01614328846335411,-0.6969436407089233,-0.002013661665841937
27,-0.03085337020456791,-0.6483838558197021,0.0013930608984082937
28,-0.07317934930324554,-0.5947232842445374,0.00559671875089407
29,-0.10911445319652557,-0.5376063585281372,0.011140534654259682
30,-0.13488620519638062,-0.47770339250564575,0.01847672648727894
31,-0.15083663165569305,-0.4121997654438019,0.028808431699872017
32,-0.15862490236759186,-0.3427866995334625,0.042403604835271835
33,-0.1594245582818985,-0.2756642699241638,0.0559980534017086
34,-0.15225990116596222,-0.21024760603904724,0.06949251890182495
35,-0.13803264498710632,-0.14223529398441315,0.08444096148014069
36,-0.11766088008880615,-0.07006989419460297,0.09924285113811493
37,-0.09111043810844421,0.00732101546600461,0.11364056915044785
38,-0.06071091443300247,0.06902793049812317,0.1255502998828888
39,-0.03301918879151344,0.12187307327985764,0.13519155979156494
40,0.0025759688578546047,0.17032399773597717,0.14018727838993073
41,0.040958188474178314,0.21678073704242706,0.14303043484687805
42,0.0829332023859024,0.2636553645133972,0.14379294216632843
43,0.12823720276355743,0.3111971914768219,0.1420859694480896
44,0.1762607991695404,0.35562726855278015,0.1366107165813446
45,0.2287224680185318,0.39527377486228943,0.12349056452512741
46,0.28350740671157837,0.4294612407684326,0.10618212074041367
47,0.3379269540309906,0.4585140347480774,0.08568281680345535
48,0.3901878595352173,0.48064690828323364,0.061509985476732254
49,0.4396056830883026,0.4959988594055176,0.030157851055264473
50,0.4859775900840759,0.504880964756012,-0.013855346478521824
51,0.5252432227134705,0.5060845613479614,-0.08384287357330322
52,0.5578550696372986,0.49721455574035645,-0.1600562334060669
53,0.5882831811904907,0.4791901409626007,-0.24636420607566833
54,0.6136819124221802,0.44907572865486145,-0.3424686789512634
55,0.6271317601203918,0.40718600153923035,-0.44597774744033813
56,0.6244812607765198,0.3545635938644409,-0.5494744777679443
57,0.6013853549957275,0.29588574171066284,-0.646155059337616
58,0.555634617805481,0.2305874526500702,-0.7322555184364319
59,0.487842857837677,0.1610877513885498,-0.8057330250740051
60,0.40469491481781006,0.09429150074720383,-0.8584111928939819
61,0.30865636467933655,0.03286060690879822,-0.8935032486915588
62,0.20813001692295074,-0.024961818009614944,-0.9139680862426758
63,0.09300708025693893,-0.09884096682071686,-0.9177717566490173
64,-0.031548239290714264,-0.16371877491474152,-0.9051820039749146
65,-0.1710299402475357,-0.1989547163248062,-0.878226101398468
66,-0.30162736773490906,-0.21433435380458832,-0.838155210018158
67,-0.4208639860153198,-0.2135264128446579,-0.7852274179458618
68,-0.5222417116165161,-0.20067088305950165,-0.7190690636634827
69,-0.6034215688705444,-0.1773519665002823,-0.6393359899520874
70,-0.6655001640319824,-0.14659008383750916,-0.5503460168838501
71,-0.7091294527053833,-0.10999207943677902,-0.45910805463790894
72,-0.7377775311470032,-0.0655336007475853,-0.36203575134277344
73,-0.7568373084068298,-0.010888506658375263,-0.26385411620140076
74,-0.76493239402771,0.03876083716750145,-0.15548944473266602
75,-0.7630321979522705,0.0876145139336586,-0.040528398007154465
76,-0.7548154592514038,0.13373273611068726,0.05061765015125275
77,-0.7362823486328125,0.18218830227851868,0.13652129471302032
78,-0.7107248902320862,0.22826331853866577,0.2265828251838684
79,-0.6716124415397644,0.2691136598587036,0.3173767328262329
80,-0.6194465756416321,0.30375659465789795,0.40622270107269287
81,-0.5503960847854614,0.3293398320674896,0.49056243896484375
82,-0.4734848439693451,0.3491012454032898,0.5676818490028381
83,-0.38341453671455383,0.3621578812599182,0.6368510723114014
84,-0.2796086072921753,0.3646768629550934,0.6954016089439392
85,-0.16862404346466064,0.3546936511993408,0.7426671385765076
86,-0.0452609658241272,0.3299664855003357,0.7803255319595337
87,0.0706523060798645,0.29022127389907837,0.8043616414070129
88,0.18388254940509796,0.23417061567306519,0.8147297501564026
89,0.2801291048526764,0.17730842530727386,0.8078781962394714
90,0.3676452934741974,0.11398325860500336,0.7852344512939453
91,0.4463876187801361,0.046340636909008026,0.7463740706443787
92,0.5133988261222839,-0.03659716993570328,0.6872468590736389
93,0.5634285807609558,-0.13550467789173126,0.6097847819328308
94,0.5965718030929565,-0.23110665380954742,0.519977867603302
95,0.6137625575065613,-0.3145202100276947,0.4244983196258545
96,0.6145756840705872,-0.38738539814949036,0.32672902941703796
97,0.5986641645431519,-0.4450554847717285,0.23581057786941528
98,0.5696480870246887,-0.4851583242416382,0.1595420092344284
99,0.5298572778701782,-0.5149232149124146,0.09469936043024063
100,0.4845207631587982,-0.5318779945373535,0.038816191256046295
101,0.4325712323188782,-0.5355308055877686,-0.01171006727963686
102,0.3764505088329315,-0.5286286473274231,-0.06946587562561035
103,0.32084888219833374,-0.5131729245185852,-0.11685431003570557
104,0.2648671269416809,-0.4909037947654724,-0.15360739827156067
105,0.20956385135650635,-0.4617959260940552,-0.18119454383850098
106,0.1550181657075882,-0.4240860939025879,-0.20213313400745392
107,0.10425244271755219,-0.37837859988212585,-0.21583998203277588
108,0.059059470891952515,-0.32474005222320557,-0.22116808593273163
109,0.019642766565084457,-0.2673763632774353,-0.22114020586013794
110,-0.013308023102581501,-0.2087601125240326,-0.21698755025863647
111,-0.04039542004466057,-0.14976713061332703,-0.20978988707065582
112,-0.0610731765627861,-0.08915839344263077,-0.19801075756549835
113,-0.07657352834939957,-0.019724473357200623,-0.1813661903142929
114,-0.09150057286024094,0.03955278545618057,-0.16417965292930603
115,-0.1030476912856102,0.09730847924947739,-0.14735223352909088
116,-0.10902129113674164,0.15614253282546997,-0.1284094899892807
117,-0.10901542752981186,0.21637079119682312,-0.10770773887634277
118,-0.10116763412952423,0.2762804627418518,-0.08849170804023743
119,-0.08611641824245453,0.33628836274147034,-0.07167025655508041
120,-0.06401371210813522,0.39906346797943115,-0.05780904367566109
121,-0.035194333642721176,0.46135327219963074,-0.0472528301179409
122,0.001189520233310759,0.5206193327903748,-0.039707887917757034
123,0.03577696904540062,0.574192464351654,-0.036392513662576675
124,0.07585674524307251,0.6246760487556458,-0.03850279003381729
125,0.12036032974720001,0.6716874241828918,-0.044693417847156525
126,0.16986489295959473,0.7146558165550232,-0.05563295632600784
127,0.2240161895751953,0.7517598867416382,-0.07287713885307312
128,0.2827107012271881,0.7840557098388672,-0.10260379314422607
129,0.3444950580596924,0.8138571381568909,-0.14992861449718475
130,0.4084455072879791,0.8438812494277954,-0.2117665559053421
131,0.47650012373924255,0.8732423782348633,-0.2906014621257782
132,0.5480632185935974,0.8936339020729065,-0.3950766324996948
133,0.6206821799278259,0.8919157385826111,-0.5313535928726196
134,0.6829972267150879,0.8536246418952942,-0.6958140730857849
135,0.7284018397331238,0.7632942199707031,-0.8731276392936707
136,0.7237001657485962,0.5984605550765991,-1.0359199047088623
137,0.6354000568389893,0.35668396949768066,-1.1671793460845947
138,0.49432870745658875,0.07689843326807022,-1.2367557287216187
139,0.3224758803844452,-0.29710227251052856,-1.2477835416793823
140,0.13415831327438354,-0.5892143249511719,-1.1964308023452759
141,-0.047215525060892105,-0.7627804279327393,-1.1031603813171387
142,-0.23777209222316742,-0.8515908718109131,-0.9736016392707825
143,-0.3794982135295868,-0.8786522746086121,-0.8254618048667908
144,-0.48419004678726196,-0.8617157936096191,-0.6732739806175232
145,-0.5511583685874939,-0.8212549686431885,-0.53305584192276
146,-0.591690182685852,-0.7689796090126038,-0.41644179821014404
147,-0.6174159646034241,-0.7097381949424744,-0.31360673904418945
148,-0.6356484889984131,-0.6467411518096924,-0.2149198204278946
149,-0.646889328956604,-0.5817517638206482,-0.11852666735649109
150,-0.6487029194831848,-0.519658088684082,-0.027555391192436218
151,-0.6416572332382202,-0.4613748788833618,0.038203466683626175
152,-0.6263213157653809,-0.4002235233783722,0.0937458872795105
153,-0.6041221022605896,-0.33655762672424316,0.1504628211259842
154,-0.5757293105125427,-0.2735791504383087,0.20839199423789978
155,-0.5394257307052612,-0.20756685733795166,0.26280301809310913
156,-0.49374279379844666,-0.13795426487922668,0.3185870051383972
157,-0.4417599141597748,-0.07024059444665909,0.37026363611221313
158,-0.38028162717819214,-0.006079128943383694,0.41812101006507874
159,-0.3133363723754883,0.036286499351263046,0.45604944229125977
160,-0.24112769961357117,0.07349665462970734,0.48623126745224
161,-0.15888404846191406,0.10827305912971497,0.5124419927597046
162,-0.07179234176874161,0.13619869947433472,0.5312037467956543
163,0.015172481536865234,0.15584075450897217,0.5435424447059631
164,0.08853168040513992,0.16485115885734558,0.5459798574447632
165,0.16156844794750214,0.17133575677871704,0.5402229428291321
166,0.23494228720664978,0.17592753469944,0.5272719860076904
167,0.3073886036872864,0.1732979416847229,0.5059100389480591
168,0.37408727407455444,0.16392262279987335,0.47605910897254944
169,0.4324522018432617,0.148882195353508,0.4356630742549896
170,0.48650410771369934,0.1279873251914978,0.38282495737075806
171,0.5321215391159058,0.10084106028079987,0.3217412531375885
172,0.5703749656677246,0.06958488374948502,0.253743052482605
173,0.5996434092521667,0.03437770903110504,0.18216799199581146
174,0.6173280477523804,-0.003312020795419812,0.11049238592386246
175,0.6236521601676941,-0.05449094623327255,0.03898273780941963
176,0.6190296411514282,-0.09581387042999268,-0.03709953650832176
177,0.6001684069633484,-0.1322571039199829,-0.13027791678905487
178,0.5714825391769409,-0.1632440835237503,-0.2168002873659134
179,0.5335187911987305,-0.18511183559894562,-0.29425689578056335
180,0.48702171444892883,-0.19846922159194946,-0.36124101281166077
181,0.4325924515724182,-0.20474126935005188,-0.4168117046356201
182,0.37259772419929504,-0.2015789896249771,-0.46194568276405334
183,0.30865561962127686,-0.19192472100257874,-0.4962387979030609
184,0.2426273673772812,-0.17689990997314453,-0.522011399269104
185,0.1748867779970169,-0.1565350592136383,-0.5380236506462097
186,0.10716364532709122,-0.13107936084270477,-0.545318067073822
187,0.042101651430130005,-0.10263407975435257,-0.543738842010498
188,-0.02078380435705185,-0.06534581631422043,-0.5339710712432861
189,-0.08909572660923004,-0.016041703522205353,-0.5182427167892456
190,-0.15647542476654053,0.02955777384340763,-0.49850156903266907
191,-0.21431444585323334,0.07661579549312592,-0.47559794783592224
192,-0.2657742202281952,0.12819190323352814,-0.45205259323120117
193,-0.3104982078075409,0.1855173408985138,-0.423129141330719
194,-0.3478933870792389,0.2526457607746124,-0.3854004442691803
195,-0.37488940358161926,0.3187747597694397,-0.34322589635849
196,-0.39585334062576294,0.38243332505226135,-0.3018191158771515
197,-0.4121377170085907,0.4459032118320465,-0.25525906682014465
198,-0.42066991329193115,0.5106245279312134,-0.20389299094676971
199,-0.42484843730926514,0.5741665363311768,-0.15243667364120483
200,-0.4218611717224121,0.6344127655029297,-0.0975571721792221
201,-0.41064801812171936,0.6930336952209473,-0.037883687764406204
202,-0.389950156211853,0.7494888305664062,0.01850709691643715
203,-0.3633481562137604,0.807083249092102,0.06368621438741684
204,-0.3268861472606659,0.8687102794647217,0.11520173400640488
205,-0.2770908772945404,0.9356864094734192,0.17633791267871857
206,-0.21143394708633423,1.0058753490447998,0.24897530674934387
207,-0.12244626134634018,1.0754777193069458,0.3311428427696228
208,0.0030049390625208616,1.1429378986358643,0.4249638617038727
209,0.12372719496488571,1.194216251373291,0.5266171097755432
210,0.27966058254241943,1.2178698778152466,0.6426638960838318
211,0.48113593459129333,1.177253007888794,0.774187445640564
212,0.7131228446960449,1.0291705131530762,0.9122726917266846
213,0.9715325236320496,0.7297071814537048,1.0024967193603516
214,1.1365745067596436,0.2986754775047302,0.9780184030532837
215,1.1538859605789185,-0.23183736205101013,0.8236520290374756
216,1.0524137020111084,-0.7035188674926758,0.5834899544715881
217,0.8544211387634277,-0.9534279108047485,0.352212518453598
218,0.64152592420578,-1.0696203708648682,0.1914030760526657
219,0.4597094655036926,-1.0912446975708008,0.0904504582285881
220,0.32070091366767883,-1.066698431968689,0.033476974815130234
221,0.21446776390075684,-1.019161343574524,0.0018708318239077926
222,0.12551510334014893,-0.9683051705360413,-0.01819043979048729
223,0.05112592130899429,-0.9158127903938293,-0.02744881995022297
224,-0.008137011900544167,-0.8634998202323914,-0.027702832594513893
225,-0.07511169463396072,-0.8109117746353149,-0.02675499953329563
226,-0.12766778469085693,-0.7587809562683105,-0.016119668260216713
227,-0.1713782697916031,-0.7035591006278992,0.004042705055326223
228,-0.20682378113269806,-0.6442071199417114,0.022161146625876427
229,-0.23374560475349426,-0.584710419178009,0.03773524612188339
230,-0.2507072687149048,-0.5248221755027771,0.053657416254282
231,-0.2606534957885742,-0.4629526138305664,0.070289246737957
232,-0.2611624598503113,-0.3965390920639038,0.09062699973583221
233,-0.2518772482872009,-0.327008455991745,0.11115238070487976
234,-0.2356833964586258,-0.2565007507801056,0.13081641495227814
235,-0.21494518220424652,-0.18553906679153442,0.15059682726860046
236,-0.18876150250434875,-0.11204440891742706,0.17184112966060638
237,-0.1520673930644989,-0.037922877818346024,0.19247496128082275
238,-0.10962332040071487,0.029091056436300278,0.21165107190608978
239,-0.06405353546142578,0.08401773124933243,0.22597111761569977
240,-0.01870863139629364,0.13068950176239014,0.23615670204162598
241,0.024518515914678574,0.17224784195423126,0.24403701722621918
242,0.06969959288835526,0.21186590194702148,0.24849696457386017
243,0.12060124427080154,0.2502330243587494,0.24841688573360443
244,0.1750122308731079,0.28755661845207214,0.24237051606178284
245,0.23053768277168274,0.323566198348999,0.22952860593795776
246,0.2896925210952759,0.3544315993785858,0.2094310224056244
247,0.3502003848552704,0.3791660964488983,0.18164348602294922
248,0.40745821595191956,0.39881834387779236,0.14833323657512665
249,0.4580300450325012,0.4100518822669983,0.11249072104692459
250,0.505842924118042,0.41326838731765747,0.07113940268754959
251,0.5481496453285217,0.40751922130584717,0.023787640035152435
252,0.5821630358695984,0.3911895751953125,-0.04308980330824852
253,0.6107150316238403,0.3638589084148407,-0.13081413507461548
254,0.6313485503196716,0.3282090127468109,-0.2270820587873459
255,0.6385730504989624,0.284902423620224,-0.32694777846336365
256,0.6310977339744568,0.23845839500427246,-0.42443546652793884
257,0.6076135039329529,0.18871332705020905,-0.5168566107749939
258,0.568098783493042,0.13873155415058136,-0.5994223952293396
259,0.5152714252471924,0.08916740119457245,-0.6700604557991028
260,0.44847989082336426,0.04583040997385979,-0.7256807684898376
261,0.3681057393550873,0.005078787449747324,-0.7684342861175537
262,0.2789744734764099,-0.03699348866939545,-0.7974578142166138
263,0.18380390107631683,-0.07128043472766876,-0.8139500021934509
264,0.08182236552238464,-0.10247983038425446,-0.8187550902366638
265,-0.02822049893438816,-0.12563054263591766,-0.8113219738006592
266,-0.15040373802185059,-0.13175012171268463,-0.7928687930107117
267,-0.2665660083293915,-0.12208399921655655,-0.7627279758453369
268,-0.3728625178337097,-0.09811308979988098,-0.723431408405304
269,-0.46182727813720703,-0.06489154696464539,-0.6725497841835022
270,-0.5377399921417236,-0.022325487807393074,-0.6126737594604492
271,-0.5968754887580872,0.015978654846549034,-0.5466558933258057
272,-0.6441764831542969,0.049471139907836914,-0.4686441123485565
273,-0.6752016544342041,0.08550292253494263,-0.3868955075740814
274,-0.7002730369567871,0.13309499621391296,-0.29269444942474365
275,-0.7176777720451355,0.1877412647008896,-0.19077777862548828
276,-0.7254809141159058,0.2448245733976364,-0.08777106553316116
277,-0.7252746820449829,0.29922348260879517,0.011571047827601433
278,-0.7149435877799988,0.3517764210700989,0.09324134141206741
279,-0.693822979927063,0.3980082869529724,0.18304437398910522
280,-0.6620181202888489,0.438861608505249,0.2752164304256439
281,-0.6124078631401062,0.47388821840286255,0.37141501903533936
282,-0.5477972030639648,0.49973881244659424,0.46685925126075745
283,-0.47483569383621216,0.5181207060813904,0.5600060820579529
284,-0.3887552320957184,0.5257980227470398,0.6512569189071655
285,-0.28843942284584045,0.5189425945281982,0.7326931357383728
286,-0.17057576775550842,0.497701495885849,0.8050589561462402
287,-0.028253089636564255,0.4591164290904999,0.8641046285629272
288,0.10020004212856293,0.4022425413131714,0.9059893488883972
289,0.23198570311069489,0.3182990550994873,0.9327608942985535
290,0.3469659686088562,0.22925502061843872,0.9354422092437744
291,0.44631227850914,0.12967915832996368,0.9080904722213745
292,0.5341343283653259,0.025839976966381073,0.8567425012588501
293,0.596816897392273,-0.1216903030872345,0.7755630612373352
294,0.631420373916626,-0.26347634196281433,0.6745494604110718
295,0.6401156187057495,-0.37944716215133667,0.5617117285728455
296,0.6316423416137695,-0.47850871086120605,0.439318984746933
297,0.5986850261688232,-0.5570140480995178,0.32832852005958557
298,0.5560348033905029,-0.6060063242912292,0.2367715835571289
299,0.5076197981834412,-0.6368894577026367,0.15965232253074646
300,0.45217540860176086,-0.6514107584953308,0.09521472454071045
301,0.39621642231941223,-0.6522191762924194,0.04346029460430145
302,0.33990219235420227,-0.6411024332046509,0.0022915343288332224
303,0.28486502170562744,-0.6210624575614929,-0.043196480721235275
304,0.2285429984331131,-0.5954217314720154,-0.07904785126447678
305,0.17271475493907928,-0.5636289119720459,-0.10386065393686295
306,0.11842456459999084,-0.5247073769569397,-0.12093884497880936
307,0.06931103020906448,-0.4795064330101013,-0.1315223127603531
308,0.026010263711214066,-0.42896631360054016,-0.1351046860218048
309,-0.008037985302507877,-0.3723391890525818,-0.13225050270557404
310,-0.040420882403850555,-0.3123109042644501,-0.12482292205095291
311,-0.0679268166422844,-0.2499075084924698,-0.11478520929813385
312,-0.08682302385568619,-0.18430474400520325,-0.10476699471473694
313,-0.09752929955720901,-0.11526525765657425,-0.09476365149021149
314,-0.10187109559774399,-0.041552625596523285,-0.08041411638259888
315,-0.09983448684215546,0.027381442487239838,-0.06450549513101578
316,-0.09676925092935562,0.0871044397354126,-0.05030842870473862
317,-0.09246160835027695,0.14694520831108093,-0.03589150682091713
318,-0.08245198428630829,0.20340599119663239,-0.02147689275443554
319,-0.06483527272939682,0.26062268018722534,-0.005581057630479336
320,-0.039795175194740295,0.3183807134628296,0.0065550366416573524
321,-0.005635129753500223,0.3760758936405182,0.015262392349541187
322,0.031420931220054626,0.4331095516681671,0.02164885587990284
323,0.07205715030431747,0.48817285895347595,0.026203684508800507
324,0.1159469410777092,0.5369862914085388,0.026295997202396393
325,0.16484880447387695,0.5819329619407654,0.022069593891501427
326,0.21923911571502686,0.6225056648254395,0.012648283503949642
327,0.2752380073070526,0.6566268801689148,-0.0016307557234540582
328,0.33242276310920715,0.6829904317855835,-0.03157757967710495
329,0.39028605818748474,0.7029860019683838,-0.0742313489317894
330,0.4505213499069214,0.7190940380096436,-0.13266630470752716
331,0.5124647617340088,0.7303616404533386,-0.20387883484363556
332,0.5765703916549683,0.7339235544204712,-0.28932470083236694
333,0.6392585039138794,0.7244147658348083,-0.39956891536712646
334,0.6948203444480896,0.6929653286933899,-0.5386831164360046
335,0.7333290576934814,0.628717303276062,-0.6964223980903625
336,0.7385338544845581,0.5229127407073975,-0.8427416086196899
337,0.6904752850532532,0.37764742970466614,-0.9668639898300171
338,0.5956565737724304,0.19644898176193237,-1.0640623569488525
339,0.4673457145690918,0.01660202071070671,-1.1138626337051392
340,0.3258801996707916,-0.21515507996082306,-1.129995584487915
341,0.16178978979587555,-0.42058104276657104,-1.1067566871643066
342,0.008973071351647377,-0.5648457407951355,-1.0559144020080566
343,-0.16570121049880981,-0.6568999886512756,-0.9739606380462646
344,-0.32008206844329834,-0.6915585398674011,-0.8719744682312012
345,-0.4476965367794037,-0.6920796632766724,-0.7570908665657043
346,-0.5416375994682312,-0.6675099730491638,-0.6368030905723572
347,-0.6012313365936279,-0.6260319352149963,-0.5221428871154785
348,-0.6437079906463623,-0.5750876665115356,-0.4172884225845337
349,-0.6729879975318909,-0.5178612470626831,-0.31473806500434875
350,-0.6876804232597351,-0.45891448855400085,-0.21697938442230225
351,-0.6921236515045166,-0.3968043029308319,-0.12523359060287476
352,-0.688518226146698,-0.33144643902778625,-0.027665631845593452
353,-0.6749767661094666,-0.2696487307548523,0.04721366614103317
354,-0.6542852520942688,-0.20501697063446045,0.11262050271034241
355,-0.6259104013442993,-0.1416912078857422,0.1803329437971115
356,-0.588654100894928,-0.07050949335098267,0.25273817777633667
357,-0.5434184670448303,0.002101834863424301,0.3200843036174774
358,-0.49207913875579834,0.05063297599554062,0.37877294421195984
359,-0.4295850992202759,0.09465592354536057,0.4333891272544861
360,-0.3598411977291107,0.1355883926153183,0.48002564907073975
361,-0.28264710307121277,0.17202654480934143,0.5194733142852783
362,-0.19367943704128265,0.20259812474250793,0.5524887442588806
363,-0.0975150465965271,0.22446025907993317,0.5788230299949646
364,0.0037373099476099014,0.23380334675312042,0.5952441692352295
365,0.08978287875652313,0.2323826551437378,0.6028328537940979
366,0.1757856160402298,0.2267930656671524,0.6003602147102356
367,0.25873300433158875,0.2183135747909546,0.5904291868209839
368,0.33685970306396484,0.20335571467876434,0.5708250999450684
369,0.40984871983528137,0.1797841340303421,0.541317880153656
370,0.4736252725124359,0.1474553644657135,0.49922218918800354
371,0.5299449563026428,0.10951662063598633,0.4419541656970978
372,0.5790536999702454,0.06548460572957993,0.3752167224884033
373,0.6185539364814758,0.017877992242574692,0.3003038465976715
374,0.6457391977310181,-0.04356398060917854,0.21749819815158844
375,0.6587415337562561,-0.11502130329608917,0.13715898990631104
376,0.6558837890625,-0.17615148425102234,0.061381492763757706
377,0.6410242319107056,-0.2236400991678238,-0.009004366584122181
378,0.6124351620674133,-0.26256057620048523,-0.10931313782930374
379,0.57472163438797,-0.2911110818386078,-0.1964702308177948
380,0.5290281772613525,-0.30809286236763,-0.26848524808883667
381,0.473354309797287,-0.3179987370967865,-0.32973814010620117
382,0.4119052290916443,-0.3196749687194824,-0.3770766854286194
383,0.3456311523914337,-0.31324857473373413,-0.4125217795372009
384,0.27594420313835144,-0.29962459206581116,-0.44022274017333984
385,0.20523062348365784,-0.27743837237358093,-0.45885947346687317
386,0.1356440931558609,-0.24716690182685852,-0.47021064162254333
387,0.06866168975830078,-0.2121160328388214,-0.47244709730148315
388,0.00879201665520668,-0.17088375985622406,-0.46465441584587097
389,-0.051227863878011703,-0.12303246557712555,-0.44967058300971985
390,-0.10543545335531235,-0.06818166375160217,-0.4288637042045593
391,-0.15524445474147797,-0.0021449646446853876,-0.4057754576206207
392,-0.19748690724372864,0.05259901285171509,-0.380955308675766
393,-0.2326071560382843,0.10833925753831863,-0.3570038974285126
394,-0.26380622386932373,0.1715773344039917,-0.32781898975372314
395,-0.2932090759277344,0.2432870864868164,-0.2933826148509979
396,-0.3126550316810608,0.313973605632782,-0.2591746747493744
397,-0.32412880659103394,0.380618155002594,-0.22563143074512482
398,-0.32768046855926514,0.4473707675933838,-0.18948057293891907
399,-0.3252542316913605,0.5142245292663574,-0.1509390026330948
400,-0.31674259901046753,0.5795243382453918,-0.10925895720720291
401,-0.3040865957736969,0.6395152807235718,-0.06799859553575516
402,-0.2824768126010895,0.6978088617324829,-0.023759866133332253
403,-0.24820025265216827,0.7569968104362488,0.013807669281959534
404,-0.20172591507434845,0.8167723417282104,0.043544914573431015
405,-0.1412581205368042,0.8797558546066284,0.07633740454912186
406,-0.06369829177856445,0.9444775581359863,0.11200883984565735
407,0.028055816888809204,1.0116145610809326,0.14875710010528564
408,0.11756467819213867,1.0818575620651245,0.1811954379081726
409,0.22009296715259552,1.152590036392212,0.21211481094360352
410,0.3512181341648102,1.2142099142074585,0.24298913776874542
411,0.5259072780609131,1.249529480934143,0.2753613591194153
412,0.7364254593849182,1.2418146133422852,0.29886767268180847
413,0.9954587817192078,1.1463170051574707,0.27813705801963806
414,1.2783173322677612,0.8941669464111328,0.19569498300552368
415,1.451330304145813,0.47159233689308167,0.053290098905563354
416,1.4211045503616333,-0.06796663254499435,-0.1750825196504593
417,1.2239538431167603,-0.6987316012382507,-0.3779206871986389
418,0.9294326305389404,-0.988110363483429,-0.479839026927948
419,0.6325205564498901,-1.1090710163116455,-0.4948018193244934
420,0.4009329378604889,-1.1268473863601685,-0.46812814474105835
421,0.2372947335243225,-1.096955418586731,-0.4159715175628662
422,0.11046742647886276,-1.047788143157959,-0.35855093598365784
423,0.005963415373116732,-0.9878599047660828,-0.30535560846328735
424,-0.10624716430902481,-0.923931360244751,-0.2590613067150116
425,-0.193963423371315,-0.8622790575027466,-0.21654953062534332
426,-0.25770992040634155,-0.8036381602287292,-0.1755526065826416
427,-0.3069853186607361,-0.7461450695991516,-0.1336885392665863
428,-0.34788551926612854,-0.6870729923248291,-0.08432019501924515
429,-0.3786012828350067,-0.6239269375801086,-0.0324031226336956
430,-0.39482197165489197,-0.5583692193031311,0.014549593441188335
431,-0.3980719745159149,-0.4943639934062958,0.047270189970731735
432,-0.3955370783805847,-0.426734060049057,0.07806586474180222
433,-0.3860287666320801,-0.3558315932750702,0.11114326119422913
434,-0.3679477274417877,-0.2781407833099365,0.1441168189048767
435,-0.34076642990112305,-0.20158109068870544,0.1762738972902298
436,-0.3069583773612976,-0.1218988373875618,0.21016328036785126
437,-0.26815661787986755,-0.04213012754917145,0.2413363754749298
438,-0.21944427490234375,0.02531682886183262,0.2697894871234894
439,-0.16592830419540405,0.08067373186349869,0.29658177495002747
440,-0.10769474506378174,0.13152877986431122,0.3178575336933136
441,-0.05006038770079613,0.17552703619003296,0.33415207266807556
442,0.010616501793265343,0.21263068914413452,0.3455829918384552
443,0.07082485407590866,0.2458537071943283,0.35316038131713867
444,0.1327826827764511,0.27619966864585876,0.35417765378952026
445,0.20012444257736206,0.303734689950943,0.3493513762950897
446,0.26828378438949585,0.3275405168533325,0.3360660970211029
447,0.33483368158340454,0.3475990891456604,0.3130537271499634
448,0.401263952255249,0.36056002974510193,0.2798650562763214
449,0.4626724421977997,0.3632315397262573,0.238366961479187
450,0.5184118747711182,0.35752105712890625,0.1913897693157196
451,0.5690377950668335,0.34298089146614075,0.1382235437631607
452,0.6134718656539917,0.31871482729911804,0.0811094269156456
453,0.6495131850242615,0.2830491364002228,0.02001314051449299
454,0.6744309663772583,0.23642459511756897,-0.0716925784945488
455,0.685901403427124,0.18452276289463043,-0.17992384731769562
456,0.682538628578186,0.13313283026218414,-0.2853514552116394
457,0.6603686213493347,0.08043395727872849,-0.3855833113193512
458,0.6233855485916138,0.031262531876564026,-0.4766034185886383
459,0.573366641998291,-0.01887776330113411,-0.5528808236122131
460,0.5101521611213684,-0.07106540352106094,-0.6120824217796326
461,0.4359129071235657,-0.11774052679538727,-0.6600699424743652
462,0.3531632721424103,-0.14859022200107574,-0.6953150629997253
463,0.26354286074638367,-0.16901135444641113,-0.7189517021179199
464,0.1685287207365036,-0.18430620431900024,-0.7322659492492676
465,0.07120935618877411,-0.19455832242965698,-0.7344087958335876
466,-0.02850835956633091,-0.19346189498901367,-0.7239043712615967
467,-0.13914206624031067,-0.17718221247196198,-0.7041046023368835
468,-0.2414434403181076,-0.14832814037799835,-0.6735133528709412
469,-0.3336613178253174,-0.10486602038145065,-0.6344286203384399
470,-0.40976232290267944,-0.052601251751184464,-0.5877482891082764
471,-0.47276774048805237,0.006947316229343414,-0.5345589518547058
472,-0.5214333534240723,0.054841797798871994,-0.4761858284473419
473,-0.5622361898422241,0.10133630037307739,-0.41287702322006226
474,-0.5900250673294067,0.1587495654821396,-0.3394474387168884
475,-0.6091567277908325,0.22268567979335785,-0.2583501935005188
476,-0.6213950514793396,0.2873421311378479,-0.17564597725868225
477,-0.6269468665122986,0.35173025727272034,-0.08614596724510193
478,-0.6237009763717651,0.4135212302207947,0.0038197499234229326
479,-0.6100724339485168,0.47093629837036133,0.07142413407564163
480,-0.5865890979766846,0.526687502861023,0.1453138142824173
481,-0.554773211479187,0.5745447278022766,0.22328835725784302
482,-0.5137740969657898,0.6150170564651489,0.3092386722564697
483,-0.4597305953502655,0.6501938104629517,0.4014498293399811
484,-0.3937716484069824,0.6785282492637634,0.49604329466819763
485,-0.3064500391483307,0.7002539038658142,0.5932850241661072
486,-0.19291897118091583,0.7104201912879944,0.6886716485023499
487,-0.05002559721469879,0.705078125,0.7805607914924622
488,0.09090839326381683,0.6747602224349976,0.8634085655212402
489,0.23261326551437378,0.610905110836029,0.9355049133300781
490,0.3891462981700897,0.5104230642318726,0.9900237321853638
491,0.5348678231239319,0.3804655373096466,1.009331464767456
492,0.664237916469574,0.22618409991264343,0.9851334095001221
493,0.7667948007583618,0.04927416518330574,0.9115404486656189
494,0.8104909062385559,-0.18864214420318604,0.7970568537712097
495,0.8107456564903259,-0.3953739106655121,0.647760808467865
496,0.7742411494255066,-0.5655223727226257,0.4813053607940674
497,0.6970245242118835,-0.6847861409187317,0.32982951402664185
498,0.6068117022514343,-0.7493399977684021,0.2152809053659439
499,0.5172439813613892,-0.778371274471283,0.1308743804693222
500,0.43416455388069153,-0.7821813821792603,0.06871120631694794
501,0.35695067048072815,-0.7738544940948486,0.02159098908305168
502,0.2850799262523651,-0.7544326782226562,-0.017670467495918274
503,0.2176249921321869,-0.7287628650665283,-0.05426868423819542
504,0.15322531759738922,-0.6962989568710327,-0.07843765616416931
505,0.09388591349124908,-0.6594706177711487,-0.09250541031360626
506,0.03789015859365463,-0.6168883442878723,-0.09706360846757889
507,-0.012116655707359314,-0.5693174600601196,-0.09406773746013641
508,-0.06306158006191254,-0.5159657001495361,-0.0854802280664444
509,-0.10342933982610703,-0.45582935214042664,-0.07272130995988846
510,-0.13251687586307526,-0.38902097940444946,-0.05579664185643196
511,-0.15179002285003662,-0.31907325983047485,-0.033652860671281815
512,-0.1604657620191574,-0.2483750432729721,-0.011159181594848633
513,-0.16209033131599426,-0.17943249642848969,0.00872884038835764
514,-0.15826599299907684,-0.10564723610877991,0.02507181651890278
515,-0.14831358194351196,-0.023506587371230125,0.04189234972000122
516,-0.12966583669185638,0.04628583788871765,0.055203136056661606
517,-0.10633969306945801,0.1104770228266716,0.07028771191835403
518,-0.08240640163421631,0.1665058434009552,0.08303529024124146
519,-0.05225355550646782,0.21957720816135406,0.09415049105882645
520,-0.011978751048445702,0.2726779878139496,0.1025780588388443
521,0.030055634677410126,0.32628893852233887,0.11115987598896027
522,0.07703542709350586,0.3774331212043762,0.11488357186317444
523,0.12826979160308838,0.4247598946094513,0.11434276401996613
524,0.18264034390449524,0.4671030044555664,0.1095176488161087
525,0.24007534980773926,0.5030587911605835,0.09973463416099548
526,0.2999890446662903,0.5342647433280945,0.08385137468576431
527,0.35810914635658264,0.5587030649185181,0.06259698420763016
528,0.4134747385978699,0.5765665173530579,0.034176360815763474
529,0.4669662117958069,0.5865790843963623,-0.00045835532364435494
530,0.5189414024353027,0.5872307419776917,-0.06288228929042816
531,0.5656970739364624,0.5814876556396484,-0.14044451713562012
532,0.6084548830986023,0.5664604902267456,-0.2293325513601303
533,0.6470996141433716,0.5391890406608582,-0.3314042091369629
534,0.6790000200271606,0.49323660135269165,-0.4480744004249573
535,0.6922417879104614,0.43039822578430176,-0.5722837448120117
536,0.6791817545890808,0.35435914993286133,-0.6882739663124084
537,0.6370582580566406,0.26479536294937134,-0.7892374992370605
538,0.5593103170394897,0.16350451111793518,-0.8734695315361023
539,0.46057623624801636,0.06311791390180588,-0.9296364188194275
540,0.349127858877182,-0.035312432795763016,-0.9616923332214355
541,0.2287883311510086,-0.14606477320194244,-0.9714286923408508
542,0.0935782939195633,-0.25256991386413574,-0.9625054597854614
543,-0.04412660375237465,-0.326870858669281,-0.9378354549407959
544,-0.18737825751304626,-0.3706071078777313,-0.8945823907852173
545,-0.3230133056640625,-0.3903866112232208,-0.8351929783821106
546,-0.44473785161972046,-0.38616374135017395,-0.7617179155349731
547,-0.5439529418945312,-0.36483922600746155,-0.6778602600097656
548,-0.6196128129959106,-0.33165279030799866,-0.5858515501022339
549,-0.6716658473014832,-0.2888050377368927,-0.48947852849960327
550,-0.7058711647987366,-0.24203519523143768,-0.39329004287719727
551,-0.7255601286888123,-0.19180116057395935,-0.29825979471206665
552,-0.7355474233627319,-0.1344984769821167,-0.19994153082370758
553,-0.7366076111793518,-0.0719136893749237,-0.09716556966304779
554,-0.7268818616867065,-0.002308228751644492,0.008614473976194859
555,-0.7113144397735596,0.05091686174273491,0.08241299539804459
556,-0.6881839632987976,0.10095908492803574,0.16202370822429657
557,-0.6561358571052551,0.1508014053106308,0.24805709719657898
558,-0.6112067699432373,0.19998463988304138,0.32974955439567566
559,-0.5522223114967346,0.24189673364162445,0.40785300731658936
560,-0.48298653960227966,0.2774861454963684,0.4785521924495697
561,-0.40544599294662476,0.3070470690727234,0.5406171083450317
562,-0.3157910108566284,0.32899099588394165,0.5955767631530762
563,-0.21523743867874146,0.34040185809135437,0.6413245797157288
564,-0.11004248261451721,0.3388422429561615,0.6793119311332703
565,0.010063297115266323,0.3265775144100189,0.7084971070289612
566,0.11465747654438019,0.2984088957309723,0.7262333631515503
567,0.219499409198761,0.25974178314208984,0.7319377064704895
568,0.31160175800323486,0.21895137429237366,0.7242189645767212
569,0.3980594873428345,0.16952380537986755,0.7033118009567261
570,0.47855129837989807,0.11245188117027283,0.6662614345550537
571,0.5512434840202332,0.05009353160858154,0.6086778044700623
572,0.6046852469444275,-0.029444770887494087,0.5344350337982178
573,0.644590437412262,-0.13250944018363953,0.44959408044815063
574,0.6624731421470642,-0.22485892474651337,0.35705530643463135
575,0.6668384075164795,-0.30702418088912964,0.26132461428642273
576,0.6547421813011169,-0.37441888451576233,0.16965985298156738
577,0.6275699734687805,-0.42151767015457153,0.09255119413137436
578,0.5880102515220642,-0.45556989312171936,0.02844388410449028
579,0.5387778282165527,-0.47993889451026917,-0.045065633952617645
580,0.480668842792511,-0.49182647466659546,-0.12209133803844452
581,0.4172138571739197,-0.4937201738357544,-0.17955446243286133
582,0.35200175642967224,-0.4858914315700531,-0.22436095774173737
583,0.28744614124298096,-0.46800920367240906,-0.2558269202709198
584,0.22185547649860382,-0.4431469142436981,-0.2802107334136963
585,0.15823887288570404,-0.4107053577899933,-0.29680508375167847
586,0.09759514778852463,-0.3678008019924164,-0.30596277117729187
587,0.042911089956760406,-0.3177916705608368,-0.30954062938690186
588,-0.002804204123094678,-0.26523640751838684,-0.3032575845718384
589,-0.04616740718483925,-0.2091173380613327,-0.2915288805961609
590,-0.0789065957069397,-0.14957672357559204,-0.27660298347473145
591,-0.10632774978876114,-0.08543863147497177,-0.25784730911254883
592,-0.13046863675117493,-0.011588509194552898,-0.23552443087100983
593,-0.15246497094631195,0.0492057278752327,-0.2132430523633957
594,-0.17128363251686096,0.10994217544794083,-0.18933691084384918
595,-0.18523015081882477,0.17378269135951996,-0.1605490744113922
596,-0.1916816085577011,0.24036385118961334,-0.13245463371276855
597,-0.18975743651390076,0.3061215877532959,-0.10504741221666336
598,-0.17986758053302765,0.36962583661079407,-0.07665809243917465
599,-0.1603146493434906,0.4362907111644745,-0.05080125853419304
600,-0.13416649401187897,0.5032095313072205,-0.029693230986595154
601,-0.10127724707126617,0.5664169192314148,-0.009477706626057625
602,-0.05923807621002197,0.6233322024345398,0.005668714642524719
603,0.0005224367487244308,0.6775170564651489,0.016808826476335526
604,0.054485492408275604,0.7277432680130005,0.024983450770378113
605,0.1154952123761177,0.7726515531539917,0.028601910918951035
606,0.181153804063797,0.8119349479675293,0.02742595411837101
607,0.2526301443576813,0.8501846790313721,0.019213197752833366
608,0.3319839835166931,0.8879603743553162,0.0006410261848941445
609,0.4241414964199066,0.9228510856628418,-0.04371928051114082
610,0.5283594131469727,0.9542471766471863,-0.10709649324417114
611,0.6457023620605469,0.9744279980659485,-0.2019132822751999
612,0.7708770632743835,0.969092845916748,-0.33845946192741394
613,0.8976351618766785,0.9033107161521912,-0.5252746939659119
614,1.0009464025497437,0.7533776164054871,-0.7491243481636047
615,1.0387171506881714,0.5155693888664246,-0.9484732151031494
616,0.9685466289520264,0.17053727805614471,-1.0991748571395874
617,0.7783716320991516,-0.31691884994506836,-1.1646430492401123
618,0.52910315990448,-0.6902889013290405,-1.1422680616378784
619,0.2972056567668915,-0.8878879547119141,-1.0567234754562378
620,0.11100509762763977,-0.979726254940033,-0.9350132346153259
621,-0.05873025953769684,-0.9985872507095337,-0.8015158176422119
622,-0.21449781954288483,-0.9716261029243469,-0.6695929169654846
623,-0.3329513370990753,-0.9203882217407227,-0.5458338260650635
624,-0.4138956069946289,-0.8629245162010193,-0.4389466941356659
625,-0.4693939983844757,-0.8019680976867676,-0.34679046273231506
626,-0.502321720123291,-0.739090621471405,-0.265559583902359
627,-0.5284305810928345,-0.6732434034347534,-0.18759413063526154
628,-0.5492129921913147,-0.6115379333496094,-0.11077433824539185
629,-0.5595154166221619,-0.548523485660553,-0.03006041795015335
630,-0.5615988969802856,-0.4813114404678345,0.030195333063602448
631,-0.5530914068222046,-0.41325438022613525,0.07709364593029022
632,-0.5373022556304932,-0.3452276885509491,0.1250472515821457
633,-0.5137898921966553,-0.2757056653499603,0.17481596767902374
634,-0.47999465465545654,-0.20593304932117462,0.22270125150680542
635,-0.4390780031681061,-0.12956932187080383,0.271801620721817
636,-0.3919089138507843,-0.055205199867486954,0.3180752992630005
637,-0.33498963713645935,0.01138828881084919,0.3612520098686218
638,-0.27261853218078613,0.05916352570056915,0.39649033546447754
639,-0.20257702469825745,0.10335230082273483,0.4278654456138611
640,-0.1261298656463623,0.14425358176231384,0.45353400707244873
641,-0.049208540469408035,0.1771351546049118,0.4710461497306824
642,0.025946220383048058,0.19996318221092224,0.4843911826610565
643,0.09831416606903076,0.215621218085289,0.4885143041610718
644,0.17393863201141357,0.22927099466323853,0.4851923882961273
645,0.24858292937278748,0.2392561137676239,0.4749527871608734
646,0.3191695511341095,0.24612176418304443,0.4574527144432068
647,0.38720160722732544,0.2434341162443161,0.42837297916412354
648,0.45100829005241394,0.231419175863266,0.38716503977775574
649,0.5082643628120422,0.21198487281799316,0.33513975143432617
650,0.5588608384132385,0.18704672157764435,0.27328425645828247
651,0.6015027165412903,0.15467236936092377,0.205265074968338
652,0.6347231864929199,0.11781401932239532,0.13356590270996094
653,0.6574420928955078,0.07376832515001297,0.06201869994401932
654,0.6662617325782776,0.026230091229081154,-0.013956154696643353
655,0.6598800420761108,-0.025699231773614883,-0.11724130064249039
656,0.6374436616897583,-0.07960795611143112,-0.21360468864440918
657,0.6039053201675415,-0.12527592480182648,-0.30301186442375183
658,0.5589314103126526,-0.16079260408878326,-0.38091278076171875
659,0.5052846074104309,-0.18395830690860748,-0.44656071066856384
660,0.44330281019210815,-0.19897860288619995,-0.4978279769420624
661,0.3737383782863617,-0.20769637823104858,-0.537141740322113
662,0.2991650104522705,-0.20859286189079285,-0.5661239624023438
663,0.22219456732273102,-0.20337501168251038,-0.5845738649368286
664,0.1437155306339264,-0.1907024383544922,-0.5933669805526733
665,0.06600034236907959,-0.17067648470401764,-0.5948435664176941
666,-0.004996743984520435,-0.1443173736333847,-0.5880265235900879
667,-0.08379613608121872,-0.10561506450176239,-0.5722788572311401
668,-0.1625719517469406,-0.05251123756170273,-0.5480009913444519
669,-0.2340746521949768,0.00615135719999671,-0.5196760296821594
670,-0.29609251022338867,0.05581771209836006,-0.48744267225265503
671,-0.3469340205192566,0.1097252368927002,-0.45400935411453247
672,-0.3903117775917053,0.16745130717754364,-0.4140644073486328
673,-0.4253469407558441,0.2337670922279358,-0.36398884654045105
674,-0.44768616557121277,0.30058684945106506,-0.3122261166572571
675,-0.4639056921005249,0.3688855469226837,-0.2568325996398926
676,-0.4751209318637848,0.4356045722961426,-0.19575734436511993
677,-0.4790022671222687,0.4995604455471039,-0.13340958952903748
678,-0.4792378544807434,0.5616498589515686,-0.06814174354076385
679,-0.4707004427909851,0.6220206022262573,0.0034093065187335014
680,-0.4523046016693115,0.6779788732528687,0.054300736635923386
681,-0.42427441477775574,0.7307489514350891,0.10872538387775421
682,-0.38692212104797363,0.7833340764045715,0.1699821799993515
683,-0.33758237957954407,0.8394263982772827,0.24022436141967773
684,-0.2702080011367798,0.8972967267036438,0.32233142852783203
685,-0.18151813745498657,0.9523307085037231,0.41324561834335327
686,-0.0629754438996315,1.0037541389465332,0.5156433582305908
687,0.06664056330919266,1.0404324531555176,0.6200264096260071
688,0.20718640089035034,1.042937159538269,0.7376910448074341
689,0.38655874133110046,0.9944623708724976,0.8634967803955078
690,0.594508945941925,0.8652976751327515,0.9860089421272278
691,0.8141989707946777,0.6208130121231079,1.0728733539581299
692,0.9764649271965027,0.28570127487182617,1.065320372581482
693,1.0334652662277222,-0.12722189724445343,0.9321696162223816
694,0.9891884326934814,-0.5684868693351746,0.7247829437255859
695,0.852990448474884,-0.8407190442085266,0.49180513620376587
696,0.6770787239074707,-0.9851791262626648,0.3077980577945709
697,0.5105219483375549,-1.0382252931594849,0.1816854327917099
698,0.38001227378845215,-1.0273511409759521,0.10364437848329544
699,0.27616095542907715,-0.9928659796714783,0.05189622566103935
700,0.18667039275169373,-0.9493343830108643,0.021326923742890358
701,0.11106893420219421,-0.9019889235496521,0.003252348629757762
702,0.047295644879341125,-0.8532612323760986,-0.0072073074989020824
703,-0.009301867336034775,-0.8054121732711792,-0.013669761829078197
704,-0.06789537519216537,-0.756632924079895,-0.009065983816981316
705,-0.11613596230745316,-0.7040141820907593,0.0037808725610375404
706,-0.15694332122802734,-0.6469592452049255,0.017442211508750916
707,-0.1901891678571701,-0.5878444910049438,0.029398417100310326
708,-0.21121305227279663,-0.5292324423789978,0.04260115697979927
709,-0.22295591235160828,-0.46789854764938354,0.05704950541257858
710,-0.22861148416996002,-0.4036191701889038,0.07325319200754166
711,-0.22474239766597748,-0.333833783864975,0.09141918271780014
712,-0.21239833533763885,-0.26397988200187683,0.10854305326938629
713,-0.19599364697933197,-0.19395650923252106,0.12566566467285156
714,-0.1734977662563324,-0.12171734124422073,0.14443135261535645
715,-0.142201229929924,-0.04839913919568062,0.1624441146850586
716,-0.10486780107021332,0.022481756284832954,0.17991402745246887
717,-0.06145094707608223,0.07924903184175491,0.193963423371315
718,-0.020224327221512794,0.12794329226016998,0.20514647662639618
719,0.01981176622211933,0.17116835713386536,0.21316209435462952
720,0.06267798691987991,0.21214401721954346,0.21740607917308807
721,0.11200514435768127,0.2532604932785034,0.2177109718322754
722,0.16486142575740814,0.29384246468544006,0.21234016120433807
723,0.21834048628807068,0.33201906085014343,0.20151159167289734
724,0.275596022605896,0.36450520157814026,0.18302756547927856
725,0.3333419859409332,0.39118337631225586,0.1568075567483902
726,0.3897169232368469,0.4134349524974823,0.1262269914150238
727,0.4397224187850952,0.4296513795852661,0.0930008590221405
728,0.48591774702072144,0.4395439624786377,0.0538371205329895
729,0.5275354981422424,0.4417264461517334,0.009361756965517998
730,0.5620803236961365,0.4326156973838806,-0.06191296875476837
731,0.5907487273216248,0.41190749406814575,-0.14496110379695892
732,0.6153863072395325,0.38135477900505066,-0.23629820346832275
733,0.6277323365211487,0.34218424558639526,-0.33491721749305725
734,0.626971423625946,0.29534485936164856,-0.43257468938827515
735,0.6081021428108215,0.2464085966348648,-0.5281311869621277
736,0.575249969959259,0.19369089603424072,-0.6142917275428772
737,0.5268967747688293,0.13915511965751648,-0.6882794499397278
738,0.46188515424728394,0.08844304829835892,-0.7489238977432251
739,0.38161736726760864,0.03954324126243591,-0.796095073223114
740,0.2894967198371887,-0.0014931652694940567,-0.827085554599762
741,0.19362585246562958,-0.04484976455569267,-0.8448976874351501
742,0.08871951699256897,-0.08716243505477905,-0.849311888217926
743,-0.02374320477247238,-0.12265028804540634,-0.8413704037666321
744,-0.15065345168113708,-0.13866662979125977,-0.8226636648178101
745,-0.27220311760902405,-0.1381550431251526,-0.791185736656189
746,-0.3820214569568634,-0.12264232337474823,-0.749377429485321
747,-0.4760662615299225,-0.0966491550207138,-0.6953781843185425
748,-0.5550517439842224,-0.06284654885530472,-0.6318486928939819
749,-0.6186743974685669,-0.023453352972865105,-0.5595688819885254
750,-0.6653311848640442,0.013549276627600193,-0.4770128130912781
751,-0.69845050573349,0.048393696546554565,-0.3902045786380768
752,-0.722014307975769,0.08921052515506744,-0.292944073677063
753,-0.7371498346328735,0.1402861475944519,-0.18847699463367462
754,-0.7426902055740356,0.19511528313159943,-0.08004923164844513
755,-0.7389605641365051,0.24844545125961304,0.020449712872505188
756,-0.7265956997871399,0.30053892731666565,0.10286732763051987
757,-0.703126847743988,0.3462151288986206,0.19303034245967865
758,-0.6676763892173767,0.3870508372783661,0.2848963737487793
759,-0.6159046292304993,0.4220135807991028,0.3779621422290802
760,-0.549770712852478,0.44778722524642944,0.4703776240348816
761,-0.47383251786231995,0.4672885537147522,0.5589955449104309
762,-0.38604438304901123,0.4778294563293457,0.6426070332527161
763,-0.2837877571582794,0.4749733507633209,0.7163383364677429
764,-0.17079195380210876,0.4570816457271576,0.7798236012458801
765,-0.03747846186161041,0.4242192506790161,0.8313643932342529
766,0.08617633581161499,0.3756301999092102,0.8672942519187927
767,0.2126653492450714,0.3016628921031952,0.8907896280288696
768,0.3240257501602173,0.2234262228012085,0.8912233710289001
769,0.4196515381336212,0.136862114071846,0.8665046095848083
770,0.5071395039558411,0.044926002621650696,0.820854663848877
771,0.5752480030059814,-0.07647481560707092,0.7480964064598083
772,0.6175971031188965,-0.20634426176548004,0.656987190246582
773,0.6371162533760071,-0.3185368478298187,0.5509516000747681
774,0.6383206844329834,-0.4146319627761841,0.43595433235168457
775,0.6180431246757507,-0.49265632033348083,0.3272569477558136
776,0.5829192399978638,-0.5454473495483398,0.23588307201862335
777,0.5390127301216125,-0.582129716873169,0.1592639535665512
778,0.48724958300590515,-0.6044316291809082,0.0954267755150795
779,0.4321877062320709,-0.6127896308898926,0.0399148128926754
780,0.3758780062198639,-0.6095927953720093,-0.006019921973347664
781,0.3200960159301758,-0.5937004089355469,-0.05661945790052414
782,0.2634235620498657,-0.5715118050575256,-0.0953839123249054
783,0.2066415399312973,-0.5429567098617554,-0.12426658719778061
784,0.1507609486579895,-0.5064836144447327,-0.14405173063278198
785,0.0992431640625,-0.46358972787857056,-0.15634684264659882
786,0.05326567962765694,-0.4137667119503021,-0.1628395915031433
787,0.014026511460542679,-0.35847944021224976,-0.1616436094045639
788,-0.02156900241971016,-0.29997020959854126,-0.1559940129518509
789,-0.05440637841820717,-0.23836572468280792,-0.1482393890619278
790,-0.07690037041902542,-0.17322635650634766,-0.1402924656867981
791,-0.09052727371454239,-0.1060820147395134,-0.12992550432682037
792,-0.09709776937961578,-0.030969899147748947,-0.11502905935049057
793,-0.10006261616945267,0.035288963466882706,-0.09819461405277252
794,-0.1020151823759079,0.09517377614974976,-0.08151903003454208
795,-0.10139859467744827,0.1555929332971573,-0.06494205445051193
796,-0.09311812371015549,0.21319158375263214,-0.047949373722076416
797,-0.07834732532501221,0.271119087934494,-0.030770376324653625
798,-0.05581403523683548,0.33110934495925903,-0.015451520681381226
799,-0.026517229154706,0.3914225101470947,-0.0028985159005969763
800,0.011107426136732101,0.44965463876724243,0.005731828976422548
801,0.049038201570510864,0.5055439472198486,0.012505266815423965
802,0.09035162627696991,0.5559135675430298,0.014537314884364605
803,0.1375882625579834,0.6029106378555298,0.012405579909682274
804,0.18983618915081024,0.6451717019081116,0.006564461160451174
805,0.2465466409921646,0.6812265515327454,-0.006663757376372814
806,0.3051513433456421,0.7100328207015991,-0.032571520656347275
807,0.36573299765586853,0.733808159828186,-0.07194847613573074
808,0.4294387400150299,0.7539713978767395,-0.1279669553041458
809,0.4959530234336853,0.7702968120574951,-0.1972382366657257
810,0.5666913986206055,0.7801771759986877,-0.28241291642189026
811,0.6383748650550842,0.7740022540092468,-0.39243537187576294
812,0.7035606503486633,0.7446568012237549,-0.5338696241378784
813,0.7523543834686279,0.6797962784767151,-0.6993195414543152
814,0.770315945148468,0.568384051322937,-0.8549080491065979
815,0.7285817265510559,0.40921804308891296,-0.9891006350517273
816,0.631114661693573,0.2037888765335083,-1.0919549465179443
817,0.4942454993724823,-0.002638215431943536,-1.144433856010437
818,0.34087061882019043,-0.2762593626976013,-1.1581480503082275
819,0.16786381602287292,-0.4962771534919739,-1.123816967010498
820,0.011664489284157753,-0.6428291201591492,-1.0595741271972656
821,-0.16942107677459717,-0.727324903011322,-0.9646472334861755
822,-0.32639080286026,-0.7574238181114197,-0.8520240783691406
823,-0.44925999641418457,-0.7515614628791809,-0.7266615033149719
824,-0.5351946353912354,-0.7206406593322754,-0.6022338271141052
825,-0.589209258556366,-0.6739189028739929,-0.4882969260215759
826,-0.628714919090271,-0.6194543242454529,-0.38434529304504395
827,-0.6562834978103638,-0.5595412254333496,-0.28382495045661926
828,-0.6705085635185242,-0.4974910616874695,-0.18832232058048248
829,-0.6751270294189453,-0.4333399534225464,-0.09618231654167175
830,-0.6708954572677612,-0.36869844794273376,0.0003975826548412442
831,-0.6573189496994019,-0.3066083788871765,0.06422298401594162
832,-0.6360276341438293,-0.24253243207931519,0.12773287296295166
833,-0.6078790426254272,-0.17861083149909973,0.19208885729312897
834,-0.5697704553604126,-0.10799381881952286,0.2600596845149994
835,-0.52365642786026,-0.03569565340876579,0.3243822157382965
836,-0.4713204801082611,0.022076334804296494,0.3805752098560333
837,-0.40869787335395813,0.0680261105298996,0.43077343702316284
838,-0.3394419848918915,0.10827874392271042,0.4733029007911682
839,-0.26241418719291687,0.14552640914916992,0.5091751217842102
840,-0.17545682191848755,0.17843885719776154,0.5391490459442139
841,-0.08149377256631851,0.20088113844394684,0.5613006949424744
842,0.012577209621667862,0.2131684273481369,0.5769926309585571
843,0.0945887491106987,0.21556152403354645,0.5820375680923462
844,0.17698459327220917,0.2145312875509262,0.5775370001792908
845,0.256997674703598,0.21062299609184265,0.5661661624908447
846,0.3332767188549042,0.20036986470222473,0.5454990863800049
847,0.40344396233558655,0.1819753348827362,0.5164849162101746
848,0.465517520904541,0.15489356219768524,0.4743371903896332
849,0.5206462740898132,0.12249323725700378,0.41760674118995667
850,0.5683911442756653,0.08339735865592957,0.35174423456192017
851,0.6083768606185913,0.041008688509464264,0.27856993675231934
852,0.6363738179206848,-0.004311096854507923,0.1991092711687088
853,0.6507608294487,-0.070602647960186,0.12019973993301392
854,0.6510059237480164,-0.13021063804626465,0.044912442564964294
855,0.6387761235237122,-0.1750485599040985,-0.03360434249043465
856,0.612774133682251,-0.21404197812080383,-0.13113708794116974
857,0.5777506828308105,-0.24468576908111572,-0.2175581455230713
858,0.5330173969268799,-0.26618990302085876,-0.29123786091804504
859,0.4792467951774597,-0.2788236141204834,-0.3540859818458557
860,0.41931986808776855,-0.28256097435951233,-0.40392035245895386
861,0.35440289974212646,-0.27662959694862366,-0.4429331421852112
862,0.2847408652305603,-0.2638343274593353,-0.4729815125465393
863,0.2128252536058426,-0.24357467889785767,-0.4946065843105316
864,0.1429942101240158,-0.21814517676830292,-0.5064011216163635
865,0.07451005280017853,-0.18788272142410278,-0.5093162059783936
866,0.011320000514388084,-0.1507881134748459,-0.5035552978515625
867,-0.05281513184309006,-0.10824437439441681,-0.48944228887557983
868,-0.11564920842647552,-0.05666368082165718,-0.4673915505409241
869,-0.172659233212471,0.0045486860908567905,-0.4434199035167694
870,-0.2210828810930252,0.05663027614355087,-0.41855984926223755
871,-0.26278483867645264,0.11224532127380371,-0.39260566234588623
872,-0.2994999885559082,0.17433318495750427,-0.36165890097618103
873,-0.33255690336227417,0.24613645672798157,-0.32316669821739197
874,-0.3531307280063629,0.31647875905036926,-0.28436747193336487
875,-0.3671207129955292,0.38318678736686707,-0.2457866072654724
876,-0.37685924768447876,0.44811519980430603,-0.20301756262779236
877,-0.37923309206962585,0.5140883922576904,-0.15560199320316315
878,-0.3748061954975128,0.5798264741897583,-0.10327927768230438
879,-0.3631557524204254,0.6422267556190491,-0.05177854001522064
880,-0.34214329719543457,0.7011330127716064,0.0029059546068310738
881,-0.3096552789211273,0.7590357661247253,0.0407114215195179
882,-0.2647212743759155,0.8204286694526672,0.07830756902694702
883,-0.2064143568277359,0.8839633464813232,0.1218676045536995
884,-0.1326484978199005,0.9507410526275635,0.17342428863048553
885,-0.03219815343618393,1.019514560699463,0.23011399805545807
886,0.07005347311496735,1.0874038934707642,0.2885463833808899
887,0.1852714717388153,1.1483125686645508,0.3490002155303955
888,0.323076456785202,1.1920278072357178,0.41532716155052185
889,0.5052919983863831,1.2036654949188232,0.48228347301483154
890,0.7321987152099609,1.16025710105896,0.5456578135490417
891,0.9956330060958862,1.0040674209594727,0.5766054391860962
892,1.258771300315857,0.6907466650009155,0.5491876602172852
893,1.3713328838348389,0.261630654335022,0.42678138613700867
894,1.3204256296157837,-0.32899779081344604,0.2717595398426056
895,1.1456336975097656,-0.7840481400489807,0.08507975935935974
896,0.8882086277008057,-1.0124828815460205,-0.07936149090528488
897,0.6296370029449463,-1.0972347259521484,-0.1954454779624939
898,0.4235684275627136,-1.102934718132019,-0.23802274465560913
899,0.27421385049819946,-1.0694249868392944,-0.23437078297138214
900,0.15741366147994995,-1.0182256698608398,-0.21841533482074738
901,0.05623269081115723,-0.9638665914535522,-0.19662846624851227
902,-0.03608819842338562,-0.9059213995933533,-0.17016950249671936
903,-0.12233235687017441,-0.8450637459754944,-0.1476825326681137
904,-0.18654055893421173,-0.7897973656654358,-0.1226123571395874
905,-0.2367967963218689,-0.734713077545166,-0.08987830579280853
906,-0.2767277956008911,-0.6751946806907654,-0.05070149898529053
907,-0.3077429533004761,-0.6122511029243469,-0.007851457223296165
908,-0.32944440841674805,-0.5474801063537598,0.021898994222283363
909,-0.3400559723377228,-0.4838137626647949,0.04724474251270294
910,-0.33966267108917236,-0.41709351539611816,0.07328369468450546
911,-0.33122387528419495,-0.3458830714225769,0.10078980773687363
912,-0.3143259286880493,-0.26997610926628113,0.12833067774772644
913,-0.2916330397129059,-0.19274921715259552,0.1554165631532669
914,-0.262297660112381,-0.11479118466377258,0.18349066376686096
915,-0.22595953941345215,-0.036103393882513046,0.20990891754627228
916,-0.1809801459312439,0.030111409723758698,0.23550288379192352
917,-0.13076969981193542,0.08781961351633072,0.25898054242134094
918,-0.08022339642047882,0.13714541494846344,0.27723315358161926
919,-0.027162427082657814,0.180935338139534,0.2910757064819336
920,0.02806570753455162,0.21987460553646088,0.30081015825271606
921,0.08425986766815186,0.2555084824562073,0.3069313168525696
922,0.14444667100906372,0.28929418325424194,0.3063738942146301
923,0.2070922702550888,0.3206641972064972,0.2987475097179413
924,0.2723253667354584,0.3496968448162079,0.2818674147129059
925,0.3370957672595978,0.3739473223686218,0.2568263113498688
926,0.40021443367004395,0.3916114270687103,0.2235359251499176
927,0.4574594795703888,0.3996744751930237,0.18492019176483154
928,0.511599063873291,0.39940306544303894,0.14109110832214355
929,0.5610770583152771,0.39017605781555176,0.09136444330215454
930,0.6030973792076111,0.37007877230644226,0.03778457269072533
931,0.6375775933265686,0.33779576420783997,-0.03239673003554344
932,0.6618012189865112,0.2967240512371063,-0.13414616882801056
933,0.6749845743179321,0.24772663414478302,-0.24128101766109467
934,0.6722087860107422,0.19589942693710327,-0.3462631404399872
935,0.6516830325126648,0.1428564041852951,-0.4453884959220886
936,0.6152216196060181,0.08990336954593658,-0.5348958373069763
937,0.5639888048171997,0.03953980281949043,-0.6118806600570679
938,0.4985780417919159,-0.008413450792431831,-0.6700965166091919
939,0.4193950295448303,-0.06539905071258545,-0.7167320251464844
940,0.3332684338092804,-0.10756532847881317,-0.7489288449287415
941,0.24144437909126282,-0.1360616385936737,-0.7694612145423889
942,0.14190265536308289,-0.16031989455223083,-0.7787488698959351
943,0.04035137966275215,-0.17964018881320953,-0.7755150198936462
944,-0.0721656084060669,-0.1832740157842636,-0.7614755630493164
945,-0.18690523505210876,-0.17376193404197693,-0.7367938160896301
946,-0.291703462600708,-0.14637704193592072,-0.7030157446861267
947,-0.3859577178955078,-0.10827015340328217,-0.6589437127113342
948,-0.46379753947257996,-0.062062717974185944,-0.6066790819168091
949,-0.5269556641578674,-0.006209908053278923,-0.5471693873405457
950,-0.5751312375068665,0.03637009859085083,-0.4803282916545868
951,-0.6121132969856262,0.08068516850471497,-0.4064576327800751
952,-0.6387848854064941,0.1321393996477127,-0.32700687646865845
953,-0.6583929657936096,0.19280573725700378,-0.23728135228157043
954,-0.6715483069419861,0.25507453083992004,-0.14543937146663666
955,-0.6762763857841492,0.31622225046157837,-0.0483163520693779
956,-0.6723353862762451,0.37593623995780945,0.034302692860364914
957,-0.6570010185241699,0.4301580488681793,0.11177346110343933
958,-0.6324703097343445,0.4799799621105194,0.19486340880393982
959,-0.5945265889167786,0.5228236317634583,0.281894713640213
960,-0.5445744395256042,0.5588648319244385,0.373659610748291
961,-0.4809778034687042,0.5867375731468201,0.4695947766304016
962,-0.4079018831253052,0.6047642230987549,0.5635315775871277
963,-0.31753313541412354,0.6114665269851685,0.6572792530059814
964,-0.20736072957515717,0.6050207018852234,0.7422402501106262
965,-0.0705987736582756,0.583827018737793,0.820118248462677
966,0.07307952642440796,0.5396612286567688,0.8876662254333496
967,0.20910890400409698,0.4645964801311493,0.9371558427810669
968,0.3481064736843109,0.3653939664363861,0.9658775329589844
969,0.4721318185329437,0.25543180108070374,0.9651466012001038
970,0.58479243516922,0.13082101941108704,0.9293618202209473
971,0.672092080116272,-0.009809055365622044,0.8578892946243286
972,0.7164353728294373,-0.2015603482723236,0.7575620412826538
973,0.7260274887084961,-0.3607870638370514,0.6247841715812683
974,0.7095261216163635,-0.4994506537914276,0.48231321573257446
975,0.6605067253112793,-0.6059110760688782,0.34852248430252075
976,0.5969443321228027,-0.6689333319664001,0.2412865310907364
977,0.5322049856185913,-0.7044593691825867,0.15592950582504272
978,0.46018460392951965,-0.7187314629554749,0.08992595970630646
979,0.39128175377845764,-0.7158780694007874,0.03991851210594177
980,0.324670672416687,-0.7041015625,-0.0014596321852877736
981,0.2627668082714081,-0.6831328272819519,-0.04536795616149902
982,0.20142658054828644,-0.6566379070281982,-0.07721914350986481
983,0.14048829674720764,-0.6234470009803772,-0.0984867736697197
984,0.0834745243191719,-0.5841585993766785,-0.11035747826099396
985,0.03143221512436867,-0.539933979511261,-0.11456368118524551
986,-0.015111160464584827,-0.48954132199287415,-0.11340762674808502
987,-0.058538179844617844,-0.43149513006210327,-0.10585440695285797
988,-0.09195850789546967,-0.3662910759449005,-0.09171801060438156
989,-0.11734095960855484,-0.29891034960746765,-0.07487979531288147
990,-0.13228309154510498,-0.2310687154531479,-0.05751300975680351
991,-0.13694670796394348,-0.16231174767017365,-0.0398862399160862
992,-0.13962547481060028,-0.08611337840557098,-0.019590027630329132
993,-0.13484156131744385,-0.0022220907267183065,0.004134311806410551
994,-0.12151665985584259,0.06439687311649323,0.01950359158217907
995,-0.10635583102703094,0.12642890214920044,0.03540153428912163
996,-0.08725402504205704,0.1819508820772171,0.04769853502511978
997,-0.061347831040620804,0.2371101975440979,0.05733257532119751
998,-0.027955902740359306,0.29113906621932983,0.06669563800096512
999,0.01215372234582901,0.34579339623451233,0.07541724294424057
