,0,1,2
0,-0.5638821721076965,0.5560438632965088,0.0022113823797553778
1,-0.5635754466056824,0.5625277757644653,0.01329027395695448
2,-0.5636560320854187,0.5686770081520081,0.022374508902430534
3,-0.5638860464096069,0.5743145942687988,0.030216243118047714
4,-0.5640836954116821,0.5796677470207214,0.03752497211098671
5,-0.5642605423927307,0.5849140882492065,0.04477011412382126
6,-0.5644550323486328,0.5900987982749939,0.052112411707639694
7,-0.564670205116272,0.5952523350715637,0.059562165290117264
8,-0.5644985437393188,0.6005479097366333,0.06704625487327576
9,-0.5640074014663696,0.6059722900390625,0.07457627356052399
10,-0.5633065700531006,0.6113285422325134,0.08210908621549606
11,-0.5622144937515259,0.6165750026702881,0.08977209776639938
12,-0.560709536075592,0.6217669248580933,0.09763260930776596
13,-0.5591511726379395,0.6269281506538391,0.10551267862319946
14,-0.5575307011604309,0.6322043538093567,0.11368252336978912
15,-0.5557971000671387,0.6377332210540771,0.12220443040132523
16,-0.5538607835769653,0.6435609459877014,0.13126423954963684
17,-0.551620364189148,0.6497064828872681,0.14093437790870667
18,-0.5491570830345154,0.656141459941864,0.15118716657161713
19,-0.5463650822639465,0.662379801273346,0.16151317954063416
20,-0.543454647064209,0.6680047512054443,0.17155392467975616
21,-0.5406031608581543,0.6729243397712708,0.18132519721984863
22,-0.5379571318626404,0.6771146655082703,0.1908126175403595
23,-0.5350266098976135,0.6811819672584534,0.20046593248844147
24,-0.531768262386322,0.6852372884750366,0.2103469967842102
25,-0.5281599164009094,0.68935227394104,0.22043544054031372
26,-0.5242838859558105,0.6935019493103027,0.23032331466674805
27,-0.5203602313995361,0.6974467039108276,0.23986682295799255
28,-0.5164006948471069,0.7013614177703857,0.2493651658296585
29,-0.512276828289032,0.705493688583374,0.2590922713279724
30,-0.5080758929252625,0.7099137902259827,0.26915276050567627
31,-0.5038678050041199,0.7145696878433228,0.279412180185318
32,-0.49976733326911926,0.7193682789802551,0.28965312242507935
33,-0.49580276012420654,0.7241600155830383,0.29992175102233887
34,-0.4916991591453552,0.7290366888046265,0.31040722131729126
35,-0.4873272776603699,0.7337955236434937,0.32137924432754517
36,-0.48283815383911133,0.738261342048645,0.33263835310935974
37,-0.47828665375709534,0.7424346804618835,0.3441769480705261
38,-0.4738834500312805,0.746163010597229,0.35598963499069214
39,-0.4696633219718933,0.7493794560432434,0.3681238293647766
40,-0.46571269631385803,0.7521550059318542,0.38053250312805176
41,-0.4621543288230896,0.7544640898704529,0.3930826485157013
42,-0.4577723741531372,0.75583815574646,0.4045222997665405
43,-0.4529852271080017,0.757205069065094,0.41480594873428345
44,-0.4478093981742859,0.7591816782951355,0.424767404794693
45,-0.44244125485420227,0.7619116902351379,0.43436571955680847
46,-0.43668174743652344,0.7650957703590393,0.4438824951648712
47,-0.43053460121154785,0.7687016129493713,0.4533127248287201
48,-0.4240711033344269,0.7728593349456787,0.4627115726470947
49,-0.4184435307979584,0.7763956785202026,0.47323837876319885
50,-0.41216886043548584,0.7787812352180481,0.4835662543773651
51,-0.4052039384841919,0.7803577184677124,0.4938789904117584
52,-0.39771902561187744,0.7814539074897766,0.5042549967765808
53,-0.3890068233013153,0.7829444408416748,0.5157738924026489
54,-0.37850823998451233,0.7849683165550232,0.5285026431083679
55,-0.3678383231163025,0.7871790528297424,0.5424858331680298
56,-0.35801461338996887,0.7906284332275391,0.5562102794647217
57,-0.3500668406486511,0.794402539730072,0.5691021680831909
58,-0.343466579914093,0.7976174354553223,0.5816748142242432
59,-0.33796948194503784,0.8001320362091064,0.5937680006027222
60,-0.33346524834632874,0.8018703460693359,0.6053599715232849
61,-0.32971686124801636,0.8028188943862915,0.6163681149482727
62,-0.326308012008667,0.8030499815940857,0.62679123878479
63,-0.3236461281776428,0.8024848699569702,0.6364350914955139
64,-0.32160040736198425,0.8011054992675781,0.6454223990440369
65,-0.3198520541191101,0.7989106774330139,0.6538264155387878
66,-0.3182525336742401,0.7958842515945435,0.6617783904075623
67,-0.31651949882507324,0.79208904504776,0.6694611310958862
68,-0.3146187961101532,0.7876242399215698,0.6771055459976196
69,-0.3124881982803345,0.7826347947120667,0.6848562359809875
70,-0.309935599565506,0.7772082090377808,0.6929186582565308
71,-0.30678799748420715,0.7714593410491943,0.701412558555603
72,-0.30288442969322205,0.7653292417526245,0.710470974445343
73,-0.29835274815559387,0.7591191530227661,0.7187787294387817
74,-0.2933873236179352,0.7529379725456238,0.7265580296516418
75,-0.2879992127418518,0.7469232678413391,0.733975350856781
76,-0.2818538546562195,0.7415577173233032,0.7412179112434387
77,-0.27487266063690186,0.7373890280723572,0.7483949065208435
78,-0.266899973154068,0.7342332005500793,0.7555068731307983
79,-0.2572445571422577,0.7316576838493347,0.7622033357620239
80,-0.24703937768936157,0.7293824553489685,0.7688644528388977
81,-0.2367371767759323,0.7271600365638733,0.7754700779914856
82,-0.2259596437215805,0.7246758937835693,0.7819341421127319
83,-0.21457694470882416,0.7215048670768738,0.7887589335441589
84,-0.20354853570461273,0.7176693081855774,0.7961078882217407
85,-0.1919802576303482,0.7137499451637268,0.8038546442985535
86,-0.1791519671678543,0.7098392844200134,0.812202513217926
87,-0.166345477104187,0.7062637209892273,0.820819616317749
88,-0.1544475108385086,0.7031778693199158,0.8291341066360474
89,-0.14346008002758026,0.7004750370979309,0.8369074463844299
90,-0.13311240077018738,0.6973679065704346,0.8441765904426575
91,-0.12315402179956436,0.6936008930206299,0.8510735630989075
92,-0.1134617030620575,0.6892849206924438,0.8575854897499084
93,-0.10422040522098541,0.6845185160636902,0.8637074828147888
94,-0.09532637894153595,0.6789091229438782,0.8700193762779236
95,-0.08663198351860046,0.6729825139045715,0.8766538500785828
96,-0.07780597358942032,0.6670565605163574,0.8839195966720581
97,-0.06900595128536224,0.6614227294921875,0.8912665843963623
98,-0.06022227555513382,0.6554757356643677,0.8981000781059265
99,-0.050727590918540955,0.6491004824638367,0.9049313068389893
100,-0.04004206508398056,0.6424652338027954,0.9118303656578064
101,-0.028082281351089478,0.6356343030929565,0.9187064170837402
102,-0.014261620119214058,0.6283406019210815,0.9253089427947998
103,0.0027680450584739447,0.6207822561264038,0.9316969513893127
104,0.01882968284189701,0.6130189895629883,0.9387137293815613
105,0.033947307616472244,0.6047670245170593,0.9467535614967346
106,0.04757903516292572,0.5969322323799133,0.9546579122543335
107,0.06040329113602638,0.5895488262176514,0.9618896245956421
108,0.07266952842473984,0.5824459195137024,0.9683606624603271
109,0.08470017462968826,0.5756698846817017,0.9740583896636963
110,0.09662449359893799,0.5690065026283264,0.9794988036155701
111,0.10841374099254608,0.5623027682304382,0.9849518537521362
112,0.11980234831571579,0.55571448802948,0.9895984530448914
113,0.13101617991924286,0.5492381453514099,0.9937191009521484
114,0.14204488694667816,0.5426387190818787,0.9973703026771545
115,0.15296494960784912,0.536022424697876,1.0004807710647583
116,0.1637580245733261,0.5291087627410889,1.0035591125488281
117,0.17513662576675415,0.5215240716934204,1.0068044662475586
118,0.18728740513324738,0.5131371021270752,1.0099916458129883
119,0.20037038624286652,0.5036901235580444,1.0128540992736816
120,0.21414753794670105,0.4929148554801941,1.0154234170913696
121,0.22850178182125092,0.48059356212615967,1.017767071723938
122,0.2412794828414917,0.46781137585639954,1.0205472707748413
123,0.2534162700176239,0.45424947142601013,1.0222382545471191
124,0.2657806873321533,0.43933624029159546,1.022572636604309
125,0.27825927734375,0.42355892062187195,1.0226070880889893
126,0.29058125615119934,0.4072822332382202,1.0223912000656128
127,0.30288994312286377,0.3911668658256531,1.022254228591919
128,0.31567826867103577,0.37605252861976624,1.0220814943313599
129,0.32862281799316406,0.36197853088378906,1.0220825672149658
130,0.34111565351486206,0.3477419912815094,1.0212706327438354
131,0.3530951738357544,0.3332584500312805,1.019587755203247
132,0.3638923168182373,0.31864285469055176,1.0171165466308594
133,0.37402188777923584,0.3040406405925751,1.013751745223999
134,0.3837900161743164,0.2891397476196289,1.0094809532165527
135,0.39381664991378784,0.2738553583621979,1.004686951637268
136,0.4040258824825287,0.25816747546195984,0.999261200428009
137,0.4142474830150604,0.24221691489219666,0.9933562874794006
138,0.42410871386528015,0.22638089954853058,0.9872729778289795
139,0.4333803951740265,0.210994154214859,0.9810526967048645
140,0.44198867678642273,0.19587700068950653,0.9745573401451111
141,0.44980210065841675,0.1808626502752304,0.9677127003669739
142,0.45739054679870605,0.16701313853263855,0.9606339931488037
143,0.4647888243198395,0.1541188806295395,0.9532515406608582
144,0.47224411368370056,0.14178211987018585,0.9456210136413574
145,0.47979736328125,0.1295604705810547,0.9376219511032104
146,0.4872611463069916,0.11744377017021179,0.9290037751197815
147,0.4943074882030487,0.10488749295473099,0.9198551774024963
148,0.5010350346565247,0.09208238869905472,0.9099934697151184
149,0.5078805685043335,0.07933657616376877,0.899526059627533
150,0.5147590041160583,0.06653349101543427,0.8886209726333618
151,0.5218150019645691,0.05348852276802063,0.8770490884780884
152,0.529038667678833,0.04012003540992737,0.8647023439407349
153,0.5361860990524292,0.028180750086903572,0.8524232506752014
154,0.5432230830192566,0.01821875013411045,0.8408951759338379
155,0.5501269102096558,0.009743642061948776,0.8300269842147827
156,0.5570157766342163,0.002551838755607605,0.8196619153022766
157,0.5639163255691528,-0.005949921905994415,0.8096305131912231
158,0.570877194404602,-0.01769687421619892,0.7997046709060669
159,0.5778437256813049,-0.03310186788439751,0.7893973588943481
160,0.5840408802032471,-0.05124012380838394,0.7790331840515137
161,0.5896966457366943,-0.07125581055879593,0.7680736780166626
162,0.5948969125747681,-0.09193430095911026,0.7564668655395508
163,0.5997657179832458,-0.11268142610788345,0.7440246343612671
164,0.6044373512268066,-0.1330636739730835,0.730624794960022
165,0.6086359620094299,-0.15277892351150513,0.7169053554534912
166,0.6121560335159302,-0.1713215708732605,0.703220546245575
167,0.6149685382843018,-0.18885916471481323,0.689702570438385
168,0.6170465350151062,-0.20502535998821259,0.6762229204177856
169,0.6185397505760193,-0.21941104531288147,0.6628334522247314
170,0.6195166707038879,-0.23241780698299408,0.6494269967079163
171,0.6200708150863647,-0.24428662657737732,0.6357384920120239
172,0.6202629804611206,-0.25542035698890686,0.6214756965637207
173,0.6200786828994751,-0.26578405499458313,0.6065575480461121
174,0.61961829662323,-0.2759250998497009,0.5911180377006531
175,0.6189077496528625,-0.28644484281539917,0.5749850869178772
176,0.6174829006195068,-0.2968692183494568,0.5591740012168884
177,0.6152224540710449,-0.3069820702075958,0.5436473488807678
178,0.6120920777320862,-0.3167237341403961,0.5282968878746033
179,0.6079950928688049,-0.3260066509246826,0.5130646824836731
180,0.6028293371200562,-0.3348109722137451,0.498100608587265
181,0.5965257287025452,-0.3434067666530609,0.48330360651016235
182,0.5890772342681885,-0.35158535838127136,0.46868282556533813
183,0.5811509490013123,-0.35834646224975586,0.4540797472000122
184,0.5730459690093994,-0.3634212911128998,0.4394756555557251
185,0.5646519064903259,-0.36743080615997314,0.42448320984840393
186,0.5558029413223267,-0.37053102254867554,0.40898266434669495
187,0.5462496876716614,-0.3726166784763336,0.3929590880870819
188,0.5353814363479614,-0.37361493706703186,0.37675991654396057
189,0.5230755805969238,-0.37281662225723267,0.36065810918807983
190,0.5093388557434082,-0.36945345997810364,0.3450024127960205
191,0.4940648376941681,-0.3635154962539673,0.32963454723358154
192,0.477054625749588,-0.354810506105423,0.31457987427711487
193,0.457733690738678,-0.3434434235095978,0.3003438711166382
194,0.43564310669898987,-0.32917729020118713,0.28660517930984497
195,0.41050630807876587,-0.31182655692100525,0.27351677417755127
196,0.3830885887145996,-0.2920801639556885,0.25927498936653137
197,0.3527747690677643,-0.27024343609809875,0.2445957213640213
198,0.31873947381973267,-0.24629221856594086,0.22946134209632874
199,0.28073549270629883,-0.21980789303779602,0.2133512794971466
200,0.24021083116531372,-0.19000127911567688,0.19523948431015015
201,0.2033138871192932,-0.14782766997814178,0.17484858632087708
202,0.1645800769329071,-0.10322342067956924,0.15306410193443298
203,0.12912403047084808,-0.05043501406908035,0.13570596277713776
204,0.1014869213104248,0.01471745129674673,0.11485817283391953
205,0.08156062662601471,0.06732017546892166,0.10745523124933243
206,0.069119393825531,0.10911295562982559,0.11635961383581161
207,0.06034475937485695,0.14078465104103088,0.1303330957889557
208,0.053191058337688446,0.16133807599544525,0.1421930342912674
209,0.04767098277807236,0.17541880905628204,0.15058253705501556
210,0.042772699147462845,0.18720267713069916,0.15629689395427704
211,0.03895688056945801,0.19684500992298126,0.15973427891731262
212,0.03631049022078514,0.2046806514263153,0.1617123782634735
213,0.034956444054841995,0.21151268482208252,0.163180410861969
214,0.034774258732795715,0.21791648864746094,0.16446749866008759
215,0.0355026014149189,0.2240004688501358,0.165556401014328
216,0.03679538890719414,0.23003409802913666,0.16653551161289215
217,0.03838162124156952,0.23598715662956238,0.1674896776676178
218,0.04020576551556587,0.2419622838497162,0.16843262314796448
219,0.04218878224492073,0.24768997728824615,0.16907797753810883
220,0.0443485826253891,0.25304847955703735,0.1692054122686386
221,0.046701498329639435,0.2580023407936096,0.1689147651195526
222,0.04927850142121315,0.26260799169540405,0.16832159459590912
223,0.05198930576443672,0.26693880558013916,0.16739363968372345
224,0.0547112412750721,0.27095478773117065,0.16635528206825256
225,0.05746864154934883,0.2746067941188812,0.16555286943912506
226,0.06060119345784187,0.2782743275165558,0.16523119807243347
227,0.06413217633962631,0.28191566467285156,0.16538815200328827
228,0.06808783859014511,0.2855522930622101,0.1659500151872635
229,0.07242647558450699,0.2891567647457123,0.16675563156604767
230,0.07695960253477097,0.29269102215766907,0.16769836843013763
231,0.08170614391565323,0.2960754930973053,0.16884155571460724
232,0.08668261021375656,0.2992525100708008,0.17023596167564392
233,0.0917101502418518,0.3025379776954651,0.17173539102077484
234,0.09665252268314362,0.3061237633228302,0.1733734905719757
235,0.10156550258398056,0.30996617674827576,0.17491553723812103
236,0.10648788511753082,0.3136119842529297,0.1761605590581894
237,0.11147256940603256,0.3171345591545105,0.17734608054161072
238,0.11657533049583435,0.32062751054763794,0.1785299926996231
239,0.12177441269159317,0.3242691159248352,0.1798735409975052
240,0.12718448042869568,0.3282669484615326,0.181275874376297
241,0.13283686339855194,0.33280548453330994,0.18252988159656525
242,0.13868534564971924,0.33796510100364685,0.18362240493297577
243,0.14473535120487213,0.3437681794166565,0.18461154401302338
244,0.15097083151340485,0.3499963581562042,0.18557821214199066
245,0.15750627219676971,0.35574400424957275,0.1874348670244217
246,0.16461923718452454,0.3609505295753479,0.19052168726921082
247,0.17079998552799225,0.36654144525527954,0.19264176487922668
248,0.1763421595096588,0.3725292384624481,0.1938675194978714
249,0.18171128630638123,0.37897130846977234,0.1941845566034317
250,0.1869918555021286,0.38574734330177307,0.19362325966358185
251,0.19197534024715424,0.39293748140335083,0.19226567447185516
252,0.19644957780838013,0.4007699489593506,0.19027478992938995
253,0.20029141008853912,0.4090214669704437,0.18794654309749603
254,0.20366612076759338,0.4178958833217621,0.18491166830062866
255,0.20699739456176758,0.42770513892173767,0.1809435486793518
256,0.21021920442581177,0.4384593963623047,0.17620743811130524
257,0.2134447544813156,0.45023807883262634,0.17093750834465027
258,0.2171582728624344,0.46293509006500244,0.16541452705860138
259,0.22202855348587036,0.4762004613876343,0.15963244438171387
260,0.22787031531333923,0.49000176787376404,0.15369823575019836
261,0.23473598062992096,0.5042290687561035,0.14745362102985382
262,0.24247696995735168,0.5187594294548035,0.14100268483161926
263,0.25028693675994873,0.5336766839027405,0.13534428179264069
264,0.2579238712787628,0.5494741201400757,0.1299746334552765
265,0.2660587728023529,0.5658894181251526,0.12436945736408234
266,0.2745654284954071,0.582780122756958,0.11832534521818161
267,0.2833062708377838,0.6000528931617737,0.11110853403806686
268,0.29250818490982056,0.617253303527832,0.10322076082229614
269,0.3023258149623871,0.6339238286018372,0.09508933126926422
270,0.3128022849559784,0.6500802636146545,0.08673682063817978
271,0.32374438643455505,0.6652678847312927,0.0775097906589508
272,0.33516114950180054,0.6795398592948914,0.06759214401245117
273,0.34664466977119446,0.6937916874885559,0.057971905916929245
274,0.35820919275283813,0.708547055721283,0.04915016144514084
275,0.37006476521492004,0.7242332696914673,0.041411690413951874
276,0.3824689984321594,0.7411677837371826,0.03445734456181526
277,0.3956066071987152,0.7593929171562195,0.028128135949373245
278,0.40992772579193115,0.7787153720855713,0.02223219722509384
279,0.425364226102829,0.7990506291389465,0.01661217212677002
280,0.4416355490684509,0.8201320767402649,0.011763082817196846
281,0.4587610960006714,0.8418729901313782,0.007665126584470272
282,0.477083683013916,0.8644666075706482,0.00446945009753108
283,0.4965289831161499,0.8875287771224976,0.0017831447767093778
284,0.5169453620910645,0.9105152487754822,-0.0005559156415984035
285,0.5382445454597473,0.9330329298973083,-0.0034824106842279434
286,0.5603415966033936,0.9547370076179504,-0.0068908389657735825
287,0.5831331610679626,0.9752402901649475,-0.011002623476088047
288,0.6062958240509033,0.994244396686554,-0.016004711389541626
289,0.6295073628425598,1.0116965770721436,-0.022135188803076744
290,0.6522204279899597,1.0276511907577515,-0.029892439022660255
291,0.6738876700401306,1.04214608669281,-0.039519891142845154
292,0.6946792602539062,1.054693579673767,-0.05054054036736488
293,0.7156305313110352,1.0655275583267212,-0.06249833106994629
294,0.736639142036438,1.0747767686843872,-0.07564403116703033
295,0.7581408023834229,1.0826579332351685,-0.09045769274234772
296,0.7799708247184753,1.0893057584762573,-0.10696927458047867
297,0.8020866513252258,1.0946786403656006,-0.12469056993722916
298,0.824587345123291,1.0986698865890503,-0.1441032886505127
299,0.8470848202705383,1.10134756565094,-0.16498947143554688
300,0.8693943619728088,1.1026681661605835,-0.18711407482624054
301,0.8919729590415955,1.1024078130722046,-0.21114493906497955
302,0.9152544140815735,1.099806547164917,-0.23786000907421112
303,0.939346969127655,1.0949201583862305,-0.2666981518268585
304,0.9640924334526062,1.0871223211288452,-0.29763147234916687
305,0.9903915524482727,1.075472116470337,-0.3305935561656952
306,1.0183610916137695,1.059975504875183,-0.3657310903072357
307,1.0484073162078857,1.040825366973877,-0.4025541841983795
308,1.0801572799682617,1.0178128480911255,-0.4397638440132141
309,1.1143379211425781,0.9925774931907654,-0.4763556718826294
310,1.1498202085494995,0.96598881483078,-0.511992871761322
311,1.1854175329208374,0.9370834827423096,-0.5454545617103577
312,1.2193323373794556,0.9041593074798584,-0.5769153237342834
313,1.250951886177063,0.8669734597206116,-0.6064869165420532
314,1.2783238887786865,0.8251265287399292,-0.6343780159950256
315,1.2986409664154053,0.7801071405410767,-0.6639007925987244
316,1.3117722272872925,0.7301124334335327,-0.6948504447937012
317,1.3181421756744385,0.6754636168479919,-0.726633608341217
318,1.3224811553955078,0.6209385991096497,-0.7572389245033264
319,1.3256412744522095,0.5663813352584839,-0.7859287858009338
320,1.3282078504562378,0.5102630853652954,-0.8129586577415466
321,1.3293377161026,0.45234188437461853,-0.8374489545822144
322,1.3292826414108276,0.38893482089042664,-0.8639953136444092
323,1.3266301155090332,0.319162517786026,-0.8915546536445618
324,1.3219382762908936,0.24893413484096527,-0.9199185371398926
325,1.3144588470458984,0.17812024056911469,-0.9443956017494202
326,1.3028404712677002,0.10572224855422974,-0.9629923105239868
327,1.2877119779586792,0.03521835431456566,-0.9774713516235352
328,1.2677949666976929,-0.04022345691919327,-0.992199718952179
329,1.2410403490066528,-0.1351684033870697,-1.0095585584640503
330,1.2061152458190918,-0.244077667593956,-1.031468152999878
331,1.170161247253418,-0.3546271324157715,-1.050649642944336
332,1.1343475580215454,-0.4547886550426483,-1.061320424079895
333,1.0996145009994507,-0.536774218082428,-1.0650149583816528
334,1.0682222843170166,-0.6056982278823853,-1.0672374963760376
335,1.0378363132476807,-0.6653077006340027,-1.0668885707855225
336,1.0067354440689087,-0.7186551690101624,-1.063413143157959
337,0.9757447242736816,-0.7654314041137695,-1.0585249662399292
338,0.9453012943267822,-0.8054048418998718,-1.0527994632720947
339,0.9164153337478638,-0.8414105772972107,-1.049083948135376
340,0.8878057599067688,-0.8747362494468689,-1.0462621450424194
341,0.8583230376243591,-0.9013562798500061,-1.0404921770095825
342,0.8265777230262756,-0.9253873229026794,-1.0366308689117432
343,0.7938089966773987,-0.9480370879173279,-1.0339603424072266
344,0.7602427005767822,-0.9731691479682922,-1.0316790342330933
345,0.7285417318344116,-0.9987845420837402,-1.0267773866653442
346,0.6976778507232666,-1.024399757385254,-1.0185075998306274
347,0.6643763780593872,-1.0498441457748413,-1.0061951875686646
348,0.6318247318267822,-1.072998046875,-0.9924337863922119
349,0.6000069975852966,-1.0939946174621582,-0.9779471158981323
350,0.5700058341026306,-1.1155352592468262,-0.9630573391914368
351,0.5353663563728333,-1.1362712383270264,-0.9481033086776733
352,0.5005310773849487,-1.1537930965423584,-0.9338366389274597
353,0.4686203896999359,-1.1654702425003052,-0.919684112071991
354,0.43995583057403564,-1.1724473237991333,-0.9058346152305603
355,0.41237303614616394,-1.1767737865447998,-0.892569363117218
356,0.38552576303482056,-1.1790376901626587,-0.8794062733650208
357,0.3585383892059326,-1.1795443296432495,-0.8646043539047241
358,0.3319949209690094,-1.1796743869781494,-0.8490096926689148
359,0.30743229389190674,-1.1800590753555298,-0.8337110280990601
360,0.285647988319397,-1.180433750152588,-0.8199207782745361
361,0.266265332698822,-1.18057382106781,-0.8072903156280518
362,0.24817299842834473,-1.1803959608078003,-0.7954148054122925
363,0.23099543154239655,-1.1799558401107788,-0.7840846180915833
364,0.21475759148597717,-1.179214596748352,-0.7734301686286926
365,0.1994704008102417,-1.17827308177948,-0.763121485710144
366,0.18466472625732422,-1.1770989894866943,-0.7530410289764404
367,0.17015352845191956,-1.1756304502487183,-0.7430945038795471
368,0.15597689151763916,-1.173813819885254,-0.7335163950920105
369,0.14214318990707397,-1.1716268062591553,-0.7242418527603149
370,0.12849627435207367,-1.1690846681594849,-0.7151035070419312
371,0.11505126953125,-1.166290283203125,-0.7061077356338501
372,0.10181216895580292,-1.1632630825042725,-0.6971879005432129
373,0.08909182250499725,-1.1599055528640747,-0.6883017420768738
374,0.07714565098285675,-1.1564269065856934,-0.6794877648353577
375,0.06570415198802948,-1.1527739763259888,-0.670592725276947
376,0.05471169203519821,-1.1491450071334839,-0.6612905263900757
377,0.04424440860748291,-1.1454691886901855,-0.6518782377243042
378,0.03362248092889786,-1.1417698860168457,-0.6420424580574036
379,0.022837713360786438,-1.1380740404129028,-0.6315545439720154
380,0.012920497916638851,-1.1341967582702637,-0.6201651096343994
381,0.004516921937465668,-1.1305161714553833,-0.6080604195594788
382,-0.0036878008395433426,-1.1272695064544678,-0.5956989526748657
383,-0.014228925108909607,-1.1243590116500854,-0.5833653807640076
384,-0.027980318292975426,-1.1211568117141724,-0.5708677172660828
385,-0.04320318624377251,-1.1174143552780151,-0.5596129894256592
386,-0.058853913098573685,-1.1129307746887207,-0.5495576858520508
387,-0.07502555847167969,-1.1077138185501099,-0.5405744910240173
388,-0.09205806255340576,-1.101751685142517,-0.532499372959137
389,-0.10874747484922409,-1.0955134630203247,-0.5247566103935242
390,-0.12488432973623276,-1.088986873626709,-0.5165737867355347
391,-0.14007627964019775,-1.0822033882141113,-0.5082086324691772
392,-0.15355271100997925,-1.0750548839569092,-0.5004336833953857
393,-0.1658700406551361,-1.068156123161316,-0.4926937222480774
394,-0.17722675204277039,-1.0614584684371948,-0.48502692580223083
395,-0.18769735097885132,-1.0548266172409058,-0.47726139426231384
396,-0.19870667159557343,-1.0486204624176025,-0.46924886107444763
397,-0.2106849104166031,-1.0428739786148071,-0.4609355032444
398,-0.22212618589401245,-1.037437081336975,-0.4523121416568756
399,-0.2321634739637375,-1.032301902770996,-0.44356000423431396
400,-0.241112619638443,-1.0272889137268066,-0.4347184896469116
401,-0.25043565034866333,-1.0221177339553833,-0.4256100654602051
402,-0.2599153518676758,-1.0166726112365723,-0.4165940582752228
403,-0.2695879638195038,-1.0108507871627808,-0.4079883396625519
404,-0.27917078137397766,-1.0046749114990234,-0.4002488851547241
405,-0.288545697927475,-0.9982993602752686,-0.39328646659851074
406,-0.2976732850074768,-0.9918832182884216,-0.38692954182624817
407,-0.30653420090675354,-0.9855018854141235,-0.381074458360672
408,-0.31519126892089844,-0.9792100191116333,-0.37575170397758484
409,-0.3232695162296295,-0.9727393984794617,-0.3711947798728943
410,-0.3306800127029419,-0.9659494161605835,-0.36728984117507935
411,-0.3377246856689453,-0.9590218663215637,-0.3637493848800659
412,-0.34447571635246277,-0.9520630240440369,-0.36051449179649353
413,-0.3511565625667572,-0.945733368396759,-0.35640448331832886
414,-0.3574620485305786,-0.9397066235542297,-0.35164499282836914
415,-0.36367592215538025,-0.9339098930358887,-0.34598544239997864
416,-0.3699425160884857,-0.927699863910675,-0.34044650197029114
417,-0.37701988220214844,-0.9204511642456055,-0.33572715520858765
418,-0.38443583250045776,-0.9129058122634888,-0.331611692905426
419,-0.39115795493125916,-0.9058670997619629,-0.32727566361427307
420,-0.3969055414199829,-0.8993042707443237,-0.3224831521511078
421,-0.40186256170272827,-0.8930627107620239,-0.31744229793548584
422,-0.40618109703063965,-0.8871183395385742,-0.31228920817375183
423,-0.4099698066711426,-0.8816834688186646,-0.30690914392471313
424,-0.41332122683525085,-0.8766339421272278,-0.3014448285102844
425,-0.4163447618484497,-0.8718276619911194,-0.2959494888782501
426,-0.4191264510154724,-0.8671005368232727,-0.29035207629203796
427,-0.42182815074920654,-0.8621671199798584,-0.28445056080818176
428,-0.42458435893058777,-0.856939435005188,-0.2782668471336365
429,-0.42740994691848755,-0.8514324426651001,-0.2717475891113281
430,-0.430258184671402,-0.8457013368606567,-0.26475396752357483
431,-0.4331831932067871,-0.839667022228241,-0.2572351098060608
432,-0.435964971780777,-0.8334473967552185,-0.24928012490272522
433,-0.43856871128082275,-0.8270752429962158,-0.24090784788131714
434,-0.4409562647342682,-0.8205521106719971,-0.23200713098049164
435,-0.4432692229747772,-0.8138839602470398,-0.22263745963573456
436,-0.44580158591270447,-0.8068839311599731,-0.21264417469501495
437,-0.448123961687088,-0.7993025183677673,-0.20259693264961243
438,-0.4505888521671295,-0.7917755246162415,-0.1935426890850067
439,-0.45330744981765747,-0.7846404314041138,-0.18579256534576416
440,-0.4562428593635559,-0.7779392600059509,-0.17899583280086517
441,-0.45919397473335266,-0.7715604305267334,-0.17289164662361145
442,-0.4621482491493225,-0.7654015421867371,-0.16732850670814514
443,-0.4651421010494232,-0.7593395113945007,-0.16202819347381592
444,-0.46822139620780945,-0.7534026503562927,-0.156882643699646
445,-0.4714282155036926,-0.7475547790527344,-0.15172693133354187
446,-0.4747779369354248,-0.7417370080947876,-0.1465901881456375
447,-0.47826653718948364,-0.7359282374382019,-0.14151768386363983
448,-0.48187533020973206,-0.7301929593086243,-0.13655142486095428
449,-0.48550695180892944,-0.7245012521743774,-0.13158434629440308
450,-0.48897188901901245,-0.7189145088195801,-0.12662574648857117
451,-0.49218446016311646,-0.7134538888931274,-0.12172771245241165
452,-0.49503087997436523,-0.7082865238189697,-0.11702480167150497
453,-0.49762675166130066,-0.703304648399353,-0.11243181675672531
454,-0.5003288984298706,-0.6981573104858398,-0.10789384692907333
455,-0.5031670331954956,-0.6928110122680664,-0.10340135544538498
456,-0.5061454176902771,-0.6872414946556091,-0.09893359988927841
457,-0.5093255043029785,-0.6813209652900696,-0.09465959668159485
458,-0.5127370953559875,-0.6751121282577515,-0.09052056819200516
459,-0.5163600444793701,-0.6685891151428223,-0.08652153611183167
460,-0.5202277302742004,-0.6617993712425232,-0.08251076936721802
461,-0.5242668986320496,-0.6548066139221191,-0.07838955521583557
462,-0.5283479690551758,-0.6476020216941833,-0.07412833720445633
463,-0.5324180722236633,-0.6401490569114685,-0.06968803703784943
464,-0.536500096321106,-0.6324545741081238,-0.06481190770864487
465,-0.5405701994895935,-0.6246543526649475,-0.05942429229617119
466,-0.5446661114692688,-0.6168294548988342,-0.053493231534957886
467,-0.5486224889755249,-0.6091631650924683,-0.04694170504808426
468,-0.5524508357048035,-0.6017566323280334,-0.039749909192323685
469,-0.5563355684280396,-0.5947213768959045,-0.03207932040095329
470,-0.5600970387458801,-0.5881333947181702,-0.023690704256296158
471,-0.5633503794670105,-0.5814166069030762,-0.014023535884916782
472,-0.5659044981002808,-0.5742714405059814,-0.002540654968470335
473,-0.5675933361053467,-0.56654292345047,0.00699837738648057
474,-0.5686386227607727,-0.5584578514099121,0.014339050278067589
475,-0.5697707533836365,-0.5504328608512878,0.020409172400832176
476,-0.5708693265914917,-0.5424396395683289,0.025826258584856987
477,-0.572040855884552,-0.5344378352165222,0.03071187436580658
478,-0.5733972787857056,-0.5264198184013367,0.035214729607105255
479,-0.5749973058700562,-0.5182750821113586,0.039306383579969406
480,-0.5768440365791321,-0.5099708437919617,0.04313034564256668
481,-0.5789144039154053,-0.5015189051628113,0.04674573615193367
482,-0.5810962915420532,-0.4930759072303772,0.04998844861984253
483,-0.5834488272666931,-0.4847640097141266,0.05289534479379654
484,-0.5858981013298035,-0.4766480624675751,0.05555243417620659
485,-0.588378369808197,-0.4690212607383728,0.05804840847849846
486,-0.5908244252204895,-0.4620177745819092,0.06049712747335434
487,-0.5933089256286621,-0.4552733302116394,0.06279027462005615
488,-0.5958389043807983,-0.44859352707862854,0.06495638936758041
489,-0.5982771515846252,-0.44162294268608093,0.06729567795991898
490,-0.6005210280418396,-0.43431222438812256,0.07004795968532562
491,-0.6025084257125854,-0.42681264877319336,0.07317028194665909
492,-0.604198694229126,-0.4191286563873291,0.07662760466337204
493,-0.6056751012802124,-0.4112057089805603,0.08047176897525787
494,-0.6069908142089844,-0.40293028950691223,0.08461813628673553
495,-0.6081959009170532,-0.3944797217845917,0.08888605982065201
496,-0.6092560887336731,-0.38582107424736023,0.09329860657453537
497,-0.6101667284965515,-0.3769529461860657,0.09784325957298279
498,-0.6109658479690552,-0.3678845465183258,0.10251841694116592
499,-0.6116529703140259,-0.35862457752227783,0.10732004791498184
500,-0.6122967004776001,-0.3491933047771454,0.11218548566102982
501,-0.6128384470939636,-0.33955201506614685,0.11697803437709808
502,-0.6133551001548767,-0.32974326610565186,0.12154403328895569
503,-0.6139474511146545,-0.3197905421257019,0.12587663531303406
504,-0.6146142482757568,-0.30975818634033203,0.1301085650920868
505,-0.615371823310852,-0.2998568117618561,0.13437050580978394
506,-0.616277813911438,-0.28988751769065857,0.13859082758426666
507,-0.6173243522644043,-0.27982351183891296,0.14280283451080322
508,-0.6183595061302185,-0.2701171636581421,0.14745904505252838
509,-0.6192592978477478,-0.2606971859931946,0.15253621339797974
510,-0.6200042963027954,-0.2514738142490387,0.1579657793045044
511,-0.6205211281776428,-0.24250340461730957,0.1637173742055893
512,-0.6206943392753601,-0.23364269733428955,0.16981813311576843
513,-0.6205170154571533,-0.22492966055870056,0.17606671154499054
514,-0.62004554271698,-0.216065913438797,0.18235962092876434
515,-0.6191982626914978,-0.2069614678621292,0.1886250078678131
516,-0.6179388761520386,-0.19767312705516815,0.19493411481380463
517,-0.6162968873977661,-0.18816021084785461,0.20136752724647522
518,-0.6143077611923218,-0.17856429517269135,0.20817334949970245
519,-0.6121530532836914,-0.16904981434345245,0.21492759883403778
520,-0.6099309325218201,-0.159553661942482,0.22155895829200745
521,-0.6076791882514954,-0.15003687143325806,0.22810760140419006
522,-0.6054862141609192,-0.14050844311714172,0.23450343310832977
523,-0.6034546494483948,-0.13121537864208221,0.24063433706760406
524,-0.6015515327453613,-0.12210338562726974,0.24651893973350525
525,-0.5997710227966309,-0.11304683238267899,0.25224316120147705
526,-0.5981330871582031,-0.10413353145122528,0.25811102986335754
527,-0.5964243412017822,-0.09523217380046844,0.2641444504261017
528,-0.5946632027626038,-0.08656041324138641,0.27030670642852783
529,-0.5928307771682739,-0.07805590331554413,0.2766042649745941
530,-0.5908740758895874,-0.06969861686229706,0.28300708532333374
531,-0.5887758731842041,-0.06147850677371025,0.28951963782310486
532,-0.5864577889442444,-0.053121957927942276,0.29612430930137634
533,-0.5839479565620422,-0.044535811990499496,0.30268532037734985
534,-0.5813425183296204,-0.03574249520897865,0.30922022461891174
535,-0.57869553565979,-0.026694640517234802,0.315696656703949
536,-0.5760502815246582,-0.017296049743890762,0.32222265005111694
537,-0.573559582233429,-0.008235516026616096,0.3288164734840393
538,-0.5710626244544983,0.0007161946850828826,0.3356075584888458
539,-0.5689828395843506,0.008214954286813736,0.3417736291885376
540,-0.5672372579574585,0.01470116525888443,0.3472937047481537
541,-0.5653306841850281,0.020925723016262054,0.35268670320510864
542,-0.5631132125854492,0.02711799554526806,0.35815221071243286
543,-0.5604932308197021,0.03331863880157471,0.3638381361961365
544,-0.5572949051856995,0.039608534425497055,0.36990484595298767
545,-0.5536129474639893,0.04598189517855644,0.37627559900283813
546,-0.5503071546554565,0.05202871188521385,0.38237032294273376
547,-0.5472185015678406,0.05778509005904198,0.38837847113609314
548,-0.544342041015625,0.06324094533920288,0.39433103799819946
549,-0.5412671566009521,0.06858253479003906,0.40027937293052673
550,-0.5377262830734253,0.07395976036787033,0.4062030613422394
551,-0.5337783694267273,0.07940349727869034,0.4121060073375702
552,-0.5294786095619202,0.08484554290771484,0.41802695393562317
553,-0.5248645544052124,0.09022551774978638,0.42390742897987366
554,-0.520075798034668,0.09557510912418365,0.42975854873657227
555,-0.5151565074920654,0.10091551393270493,0.4356140196323395
556,-0.5100629329681396,0.10625789314508438,0.4413590431213379
557,-0.5047552585601807,0.11132340878248215,0.44711437821388245
558,-0.4993126392364502,0.11611740291118622,0.4529419243335724
559,-0.49367982149124146,0.12051182985305786,0.4587429463863373
560,-0.4877154231071472,0.12456822395324707,0.46445050835609436
561,-0.48086032271385193,0.1283264458179474,0.4701699912548065
562,-0.47348588705062866,0.1319037228822708,0.475612610578537
563,-0.4665916860103607,0.13584332168102264,0.4806212782859802
564,-0.4602477550506592,0.14016222953796387,0.4854270815849304
565,-0.45444202423095703,0.1448264718055725,0.4900848865509033
566,-0.44909757375717163,0.14978082478046417,0.494621604681015
567,-0.44401490688323975,0.15491236746311188,0.49913933873176575
568,-0.4390438497066498,0.160024031996727,0.5036066174507141
569,-0.43411123752593994,0.16511178016662598,0.5079572796821594
570,-0.4291625916957855,0.1701609194278717,0.5121458768844604
571,-0.4242035746574402,0.17503328621387482,0.516194224357605
572,-0.4191698431968689,0.17976604402065277,0.5201267004013062
573,-0.41412970423698425,0.18436746299266815,0.5239821076393127
574,-0.40915191173553467,0.18882548809051514,0.5277170538902283
575,-0.40411263704299927,0.1932010054588318,0.5314533710479736
576,-0.3990188539028168,0.19756025075912476,0.5354256629943848
577,-0.39400890469551086,0.20168949663639069,0.5397847294807434
578,-0.3887731432914734,0.20528067648410797,0.5440146923065186
579,-0.38354071974754333,0.20858415961265564,0.5483065843582153
580,-0.37839633226394653,0.2115916609764099,0.5528032779693604
581,-0.3733987510204315,0.21432611346244812,0.5574472546577454
582,-0.3687390089035034,0.21675826609134674,0.5621139407157898
583,-0.36436229944229126,0.2189207375049591,0.5667440295219421
584,-0.36020568013191223,0.2209099978208542,0.5713070034980774
585,-0.3550984859466553,0.22284813225269318,0.5752441883087158
586,-0.34829890727996826,0.2248578518629074,0.5785865783691406
587,-0.3397693634033203,0.22704528272151947,0.5813337564468384
588,-0.3308255672454834,0.22984860837459564,0.5833144187927246
589,-0.32261088490486145,0.23329302668571472,0.5862894058227539
590,-0.31540703773498535,0.23749317228794098,0.5908129215240479
591,-0.30806151032447815,0.24219314754009247,0.5958130955696106
592,-0.3011808395385742,0.24686628580093384,0.60125333070755
593,-0.29449203610420227,0.2512094974517822,0.6068781018257141
594,-0.2876838743686676,0.2549462914466858,0.6124984622001648
595,-0.2808283567428589,0.25819072127342224,0.6180059313774109
596,-0.27394193410873413,0.26089590787887573,0.6233571171760559
597,-0.2669852674007416,0.2630614638328552,0.6284918189048767
598,-0.25965777039527893,0.2645896077156067,0.6334034204483032
599,-0.25203937292099,0.26619628071784973,0.6373800039291382
600,-0.24419493973255157,0.2681904435157776,0.6403613090515137
601,-0.23601464927196503,0.2705347239971161,0.6428274512290955
602,-0.22786684334278107,0.2733652889728546,0.6450691819190979
603,-0.21988774836063385,0.2766159474849701,0.6473800539970398
604,-0.2114126831293106,0.2800310254096985,0.6499176621437073
605,-0.2026110738515854,0.2834416627883911,0.6527571082115173
606,-0.19423671066761017,0.2863258421421051,0.6562880873680115
607,-0.1859782487154007,0.2883715331554413,0.660703182220459
608,-0.17776620388031006,0.28955885767936707,0.6657174229621887
609,-0.1698557585477829,0.2900226414203644,0.6708192229270935
610,-0.16182772815227509,0.28994452953338623,0.6752903461456299
611,-0.1536708027124405,0.2895476818084717,0.6787185072898865
612,-0.14515496790409088,0.28909510374069214,0.6813380122184753
613,-0.13627320528030396,0.2889133393764496,0.6835329532623291
614,-0.12776188552379608,0.2887416481971741,0.6857494711875916
615,-0.11974150687456131,0.288088858127594,0.6876747608184814
616,-0.11166726052761078,0.2867688238620758,0.6890610456466675
617,-0.10361209511756897,0.28494203090667725,0.6899268627166748
618,-0.0957387313246727,0.2830934524536133,0.6902652382850647
619,-0.08778846263885498,0.28127774596214294,0.6910045146942139
620,-0.07931926101446152,0.27975523471832275,0.6922245621681213
621,-0.07066845893859863,0.278646856546402,0.6936885714530945
622,-0.061815306544303894,0.277860552072525,0.6952008605003357
623,-0.05266213417053223,0.2774370610713959,0.6968567371368408
624,-0.043962813913822174,0.27667921781539917,0.698422372341156
625,-0.03580369055271149,0.27509844303131104,0.7001133561134338
626,-0.02820991538465023,0.2724590599536896,0.7021241784095764
627,-0.02110467478632927,0.268881231546402,0.7041859030723572
628,-0.014333192259073257,0.2645162343978882,0.7059697508811951
629,-0.005469141062349081,0.26040467619895935,0.7066606283187866
630,0.004096260294318199,0.2564522624015808,0.7067716717720032
631,0.012677582912147045,0.2525952458381653,0.706449031829834
632,0.020740285515785217,0.24933911859989166,0.7059330344200134
633,0.0282292403280735,0.24664559960365295,0.705118715763092
634,0.035406630486249924,0.24427929520606995,0.7040024399757385
635,0.04240640997886658,0.2420891523361206,0.7026148438453674
636,0.04944072291254997,0.24013036489486694,0.7010629773139954
637,0.05662256479263306,0.2383813112974167,0.6993874907493591
638,0.0640002191066742,0.2367728054523468,0.6975569725036621
639,0.0715152770280838,0.23527443408966064,0.6956791877746582
640,0.07886118441820145,0.23372705280780792,0.6938563585281372
641,0.08590340614318848,0.2320106327533722,0.6921194791793823
642,0.09277495741844177,0.23004920780658722,0.6907002329826355
643,0.09977678209543228,0.2278299778699875,0.6897247433662415
644,0.10692665725946426,0.22541426122188568,0.6891574859619141
645,0.11426758021116257,0.22291752696037292,0.688732922077179
646,0.12187472730875015,0.22039876878261566,0.6882100701332092
647,0.13005754351615906,0.21789707243442535,0.6873911619186401
648,0.13910157978534698,0.21535497903823853,0.6857427358627319
649,0.14823472499847412,0.2126370072364807,0.6837925314903259
650,0.15622645616531372,0.20989049971103668,0.6819655895233154
651,0.16339389979839325,0.20717866718769073,0.6802188158035278
652,0.16992151737213135,0.20463092625141144,0.6785697340965271
653,0.1760490983724594,0.20238330960273743,0.6768196225166321
654,0.18218719959259033,0.20057500898838043,0.674573540687561
655,0.18837986886501312,0.19916336238384247,0.671959638595581
656,0.19463928043842316,0.1976553499698639,0.6693123579025269
657,0.20099978148937225,0.19613955914974213,0.6666267514228821
658,0.20749153196811676,0.19464199244976044,0.6640121340751648
659,0.21402469277381897,0.19319194555282593,0.6613832712173462
660,0.22082380950450897,0.19141361117362976,0.6587316989898682
661,0.22786667943000793,0.18899847567081451,0.6558734774589539
662,0.23509040474891663,0.1860320270061493,0.6527240872383118
663,0.24226512014865875,0.18262629210948944,0.6491478085517883
664,0.24925097823143005,0.17886461317539215,0.6450110673904419
665,0.2555766701698303,0.17497974634170532,0.640573263168335
666,0.2614927291870117,0.17100198566913605,0.6356518268585205
667,0.2673993706703186,0.16703824698925018,0.6302872896194458
668,0.2733692228794098,0.16321972012519836,0.624557375907898
669,0.27939531207084656,0.1595548391342163,0.6185831427574158
670,0.28542837500572205,0.1558462530374527,0.6123372912406921
671,0.2914186120033264,0.15208344161510468,0.6056922078132629
672,0.2973254323005676,0.14853590726852417,0.598615288734436
673,0.30306336283683777,0.14535880088806152,0.5912271738052368
674,0.3086150288581848,0.14257396757602692,0.5834981203079224
675,0.31388431787490845,0.1402052938938141,0.575251042842865
676,0.3187670409679413,0.13825617730617523,0.5665198564529419
677,0.3230949342250824,0.1365012228488922,0.5572958588600159
678,0.32692715525627136,0.13472872972488403,0.5473572015762329
679,0.3303012251853943,0.1329609453678131,0.5365274548530579
680,0.3333911895751953,0.13150525093078613,0.5249917507171631
681,0.3365255296230316,0.13040776550769806,0.5128802061080933
682,0.3396267890930176,0.12991997599601746,0.5000898838043213
683,0.3424423635005951,0.1302042156457901,0.4866945445537567
684,0.34452569484710693,0.13106831908226013,0.47278979420661926
685,0.34595370292663574,0.13209623098373413,0.4586201012134552
686,0.3468531668186188,0.1330295205116272,0.44386371970176697
687,0.3467552661895752,0.1334937959909439,0.4287165701389313
688,0.34543749690055847,0.13353949785232544,0.4129839539527893
689,0.3429565727710724,0.1335122287273407,0.39677008986473083
690,0.3393748998641968,0.13399994373321533,0.3802740275859833
691,0.33439260721206665,0.13505256175994873,0.36362674832344055
692,0.32786911725997925,0.1371263861656189,0.346596360206604
693,0.31996116042137146,0.14027389883995056,0.32867711782455444
694,0.31110820174217224,0.144479438662529,0.3096286654472351
695,0.30109286308288574,0.15006312727928162,0.28997352719306946
696,0.28992897272109985,0.15595105290412903,0.27023327350616455
697,0.2782268524169922,0.1609967052936554,0.2494051456451416
698,0.26677563786506653,0.16353997588157654,0.23245170712471008
699,0.2555406391620636,0.16397178173065186,0.22163061797618866
700,0.24578087031841278,0.1630263328552246,0.2140873372554779
701,0.23687104880809784,0.1607038378715515,0.20876900851726532
702,0.22935150563716888,0.15802915394306183,0.20352134108543396
703,0.22270365059375763,0.15493394434452057,0.19885869324207306
704,0.21672125160694122,0.152440145611763,0.19472602009773254
705,0.21074986457824707,0.15033191442489624,0.19134478271007538
706,0.2034262865781784,0.14875055849552155,0.18843643367290497
707,0.19482898712158203,0.14785724878311157,0.18603047728538513
708,0.18522118031978607,0.14780975878238678,0.18404541909694672
709,0.1757328063249588,0.14847339689731598,0.18285709619522095
710,0.16673514246940613,0.15102912485599518,0.18090182542800903
711,0.15778225660324097,0.15580441057682037,0.1783694177865982
712,0.14945286512374878,0.1621047705411911,0.1763291358947754
713,0.14169153571128845,0.168866366147995,0.17485585808753967
714,0.13394314050674438,0.17540763318538666,0.17374968528747559
715,0.12661881744861603,0.1818050593137741,0.17283383011817932
716,0.12010607123374939,0.18815986812114716,0.17255325615406036
717,0.11500667780637741,0.1942461133003235,0.17315280437469482
718,0.11099313944578171,0.1997554451227188,0.17425191402435303
719,0.10739191621541977,0.2044290006160736,0.17510409653186798
720,0.10410759598016739,0.20867371559143066,0.17601165175437927
721,0.10111519694328308,0.21243657171726227,0.17690345644950867
722,0.09831997007131577,0.2157595008611679,0.17773878574371338
723,0.09585550427436829,0.21896126866340637,0.17871658504009247
724,0.09385456144809723,0.22227326035499573,0.18000948429107666
725,0.09234020859003067,0.2256738841533661,0.181560680270195
726,0.09134937077760696,0.22910667955875397,0.1832938939332962
727,0.09074290841817856,0.2325945943593979,0.1851007640361786
728,0.09043306112289429,0.23615524172782898,0.18691205978393555
729,0.09038498997688293,0.23946000635623932,0.18844188749790192
730,0.09054562449455261,0.24247051775455475,0.1897817850112915
731,0.09089345484972,0.24519629776477814,0.19094540178775787
732,0.09161743521690369,0.24775569140911102,0.19203141331672668
733,0.09280319511890411,0.2501891255378723,0.19306224584579468
734,0.09451082348823547,0.2524348497390747,0.19396264851093292
735,0.09670473635196686,0.2544434666633606,0.1947428584098816
736,0.09933339804410934,0.2561691701412201,0.19541512429714203
737,0.1023864820599556,0.2575700283050537,0.19597506523132324
738,0.10575807094573975,0.2586980164051056,0.1963668167591095
739,0.109309621155262,0.2598763108253479,0.196676567196846
740,0.11299718916416168,0.26108023524284363,0.19696678221225739
741,0.11683004349470139,0.26227006316185,0.19729606807231903
742,0.12075958400964737,0.2634032368659973,0.19773952662944794
743,0.12478150427341461,0.26449429988861084,0.19825203716754913
744,0.12890508770942688,0.26553311944007874,0.198892742395401
745,0.1331961750984192,0.266450971364975,0.1996055245399475
746,0.13753044605255127,0.26708802580833435,0.2007462978363037
747,0.1418653130531311,0.26701417565345764,0.20220090448856354
748,0.1459536999464035,0.266012966632843,0.2035784274339676
749,0.14969928562641144,0.2640625834465027,0.2049170881509781
750,0.15299701690673828,0.26103153824806213,0.20625674724578857
751,0.1557174175977707,0.25690171122550964,0.20752988755702972
752,0.15776865184307098,0.25174611806869507,0.20868006348609924
753,0.15917113423347473,0.24547097086906433,0.20979100465774536
754,0.15977954864501953,0.23803798854351044,0.21066994965076447
755,0.15953318774700165,0.22956159710884094,0.21110983192920685
756,0.1587667167186737,0.22061172127723694,0.21101844310760498
757,0.15765368938446045,0.21105754375457764,0.21011656522750854
758,0.15574659407138824,0.2017546445131302,0.20793870091438293
759,0.15249860286712646,0.19404588639736176,0.20434781908988953
760,0.14853574335575104,0.18885788321495056,0.20011232793331146
761,0.14403361082077026,0.18590079247951508,0.19575782120227814
762,0.13898374140262604,0.18503856658935547,0.19155758619308472
763,0.13365286588668823,0.18619677424430847,0.1877356767654419
764,0.12839150428771973,0.18860118091106415,0.1844601035118103
765,0.12339772284030914,0.191770538687706,0.18208856880664825
766,0.11909972131252289,0.19540399312973022,0.1805153787136078
767,0.11542720347642899,0.19950562715530396,0.17957338690757751
768,0.11225734651088715,0.20364679396152496,0.17939206957817078
769,0.1093420684337616,0.207365483045578,0.1793881505727768
770,0.10660721361637115,0.21068790555000305,0.17946945130825043
771,0.10400907695293427,0.21372757852077484,0.1796574741601944
772,0.10153917223215103,0.21646398305892944,0.17989742755889893
773,0.0992947369813919,0.21920379996299744,0.18036089837551117
774,0.09743207693099976,0.2220640331506729,0.1811608523130417
775,0.09600875526666641,0.22502626478672028,0.18221791088581085
776,0.09501196444034576,0.22805865108966827,0.18344780802726746
777,0.09448575973510742,0.23107995092868805,0.18480810523033142
778,0.09428615868091583,0.23413977026939392,0.18624605238437653
779,0.09428709000349045,0.23703257739543915,0.1874871551990509
780,0.09445380419492722,0.23967128992080688,0.18853437900543213
781,0.09488774091005325,0.2421267032623291,0.18948838114738464
782,0.09567686170339584,0.24445293843746185,0.19039353728294373
783,0.09684457629919052,0.24661272764205933,0.19125668704509735
784,0.09841322153806686,0.24858039617538452,0.19205810129642487
785,0.10039456188678741,0.25032728910446167,0.19278457760810852
786,0.10278449952602386,0.25181788206100464,0.19343136250972748
787,0.10552673786878586,0.25305622816085815,0.19396093487739563
788,0.10855676233768463,0.25400951504707336,0.19439607858657837
789,0.11177202314138412,0.25501129031181335,0.1947743445634842
790,0.11513832956552505,0.25605687499046326,0.19516518712043762
791,0.11864911764860153,0.2570657730102539,0.19559477269649506
792,0.12227348983287811,0.2580147385597229,0.19609443843364716
793,0.1259656548500061,0.2588992416858673,0.19669237732887268
794,0.12959711253643036,0.2597334086894989,0.19731202721595764
795,0.13319043815135956,0.2604500949382782,0.19798068702220917
796,0.13676728308200836,0.2606796324253082,0.19913074374198914
797,0.1402851939201355,0.26026299595832825,0.20041395723819733
798,0.14355571568012238,0.25907739996910095,0.2015976905822754
799,0.14650842547416687,0.25702962279319763,0.20275501906871796
800,0.14903812110424042,0.25406497716903687,0.20387724041938782
801,0.1510443091392517,0.2502017319202423,0.20491023361682892
802,0.1524420827627182,0.2455173134803772,0.2057664841413498
803,0.15313227474689484,0.24002768099308014,0.2063436657190323
804,0.1531010866165161,0.23378582298755646,0.20659174025058746
805,0.15230561792850494,0.2268894910812378,0.20636282861232758
806,0.15106454491615295,0.21971391141414642,0.20565970242023468
807,0.1493624895811081,0.21207547187805176,0.20424817502498627
808,0.14702945947647095,0.20443099737167358,0.2021639049053192
809,0.14355723559856415,0.19807076454162598,0.19907085597515106
810,0.13949157297611237,0.19398339092731476,0.19547739624977112
811,0.13499398529529572,0.1920972317457199,0.19192078709602356
812,0.13040031492710114,0.19224277138710022,0.1885991245508194
813,0.12601213157176971,0.19365796446800232,0.1856648176908493
814,0.1219678744673729,0.19590026140213013,0.1835092157125473
815,0.1182914599776268,0.19908878207206726,0.1816568374633789
816,0.11503320932388306,0.20273666083812714,0.1806790828704834
817,0.11209497600793839,0.2063256800174713,0.1803334504365921
818,0.10934880375862122,0.20957191288471222,0.18017332255840302
819,0.10676252841949463,0.21250304579734802,0.18011994659900665
820,0.10428878664970398,0.21520285308361053,0.18017254769802094
821,0.10190479457378387,0.21766789257526398,0.1802934855222702
822,0.0998065322637558,0.22030439972877502,0.1807629019021988
823,0.09808959811925888,0.22306445240974426,0.18153898417949677
824,0.09679778665304184,0.22591140866279602,0.18255220353603363
825,0.09592988342046738,0.22882765531539917,0.1837197244167328
826,0.09549711644649506,0.231737419962883,0.18500332534313202
827,0.09537705779075623,0.23464737832546234,0.18633559346199036
828,0.09543658792972565,0.23733514547348022,0.18742886185646057
829,0.09568342566490173,0.2398134469985962,0.1883869767189026
830,0.09626169502735138,0.24217411875724792,0.1893104463815689
831,0.09719420969486237,0.24439750611782074,0.1901797503232956
832,0.09849420934915543,0.24645571410655975,0.19099092483520508
833,0.10018384456634521,0.24831411242485046,0.19175001978874207
834,0.10227243602275848,0.24994108080863953,0.19244888424873352
835,0.10474508255720139,0.25131678581237793,0.19305652379989624
836,0.10750316828489304,0.25240829586982727,0.19355839490890503
837,0.11056142300367355,0.25333231687545776,0.19396057724952698
838,0.11377253383398056,0.25435009598731995,0.19435448944568634
839,0.11713797599077225,0.2553374767303467,0.1947859525680542
840,0.12063421308994293,0.256275475025177,0.1952645629644394
841,0.12422358244657516,0.25713595747947693,0.19582562148571014
842,0.1277349293231964,0.2579980790615082,0.19645215570926666
843,0.13120581209659576,0.258759468793869,0.1970725655555725
844,0.1346024125814438,0.2591393291950226,0.19798129796981812
845,0.13800960779190063,0.25905367732048035,0.19925789535045624
846,0.1412322074174881,0.25824204087257385,0.2004561871290207
847,0.14417493343353271,0.25665968656539917,0.2015771120786667
848,0.14675958454608917,0.2542097568511963,0.20267292857170105
849,0.14888550341129303,0.2508939206600189,0.20369479060173035
850,0.15047600865364075,0.24677494168281555,0.20458555221557617
851,0.15144364535808563,0.24189861118793488,0.2052651196718216
852,0.1516895443201065,0.2362927943468094,0.20562808215618134
853,0.15121658146381378,0.23004309833049774,0.20562486350536346
854,0.1501646637916565,0.22349289059638977,0.20522086322307587
855,0.14867733418941498,0.21650205552577972,0.20413342118263245
856,0.14668826758861542,0.2091832458972931,0.2023891657590866
857,0.1439427137374878,0.20223946869373322,0.19995243847370148
858,0.1402135044336319,0.19704633951187134,0.1966993659734726
859,0.13601477444171906,0.19406180083751678,0.19326430559158325
860,0.13161253929138184,0.19331829249858856,0.18996591866016388
861,0.12730997800827026,0.19406680762767792,0.18693488836288452
862,0.1232803612947464,0.19581826031208038,0.1845535933971405
863,0.11956968158483505,0.1985481083393097,0.18254375457763672
864,0.11624220758676529,0.2019418478012085,0.18118397891521454
865,0.11327081173658371,0.20555323362350464,0.1807163655757904
866,0.11050697416067123,0.2088243067264557,0.18046000599861145
867,0.10788660496473312,0.21177098155021667,0.18031594157218933
868,0.10540317744016647,0.21449577808380127,0.18030667304992676
869,0.10301591455936432,0.21697525680065155,0.1803663969039917
870,0.10082758218050003,0.21949423849582672,0.18067435920238495
871,0.09898411482572556,0.2221658080816269,0.18131762742996216
872,0.09754916280508041,0.224944606423378,0.1822180300951004
873,0.09653747081756592,0.22780480980873108,0.18330608308315277
874,0.09595257043838501,0.23068422079086304,0.18451383709907532
875,0.09576553106307983,0.23355209827423096,0.18583622574806213
876,0.09576909989118576,0.2362734079360962,0.18698139488697052
877,0.09592945128679276,0.2387656271457672,0.18794400990009308
878,0.09640049934387207,0.24114850163459778,0.18887768685817719
879,0.09721864014863968,0.24340029060840607,0.1897595226764679
880,0.0983985885977745,0.24549852311611176,0.19058148562908173
881,0.09995535016059875,0.24741172790527344,0.191343754529953
882,0.1019057035446167,0.24910791218280792,0.1920521855354309
883,0.10425085574388504,0.2505548298358917,0.1926829069852829
884,0.10689293593168259,0.2517278790473938,0.19321183860301971
885,0.10984271764755249,0.252651572227478,0.19365540146827698
886,0.11298394203186035,0.25363168120384216,0.1940404325723648
887,0.11627986282110214,0.2546147108078003,0.1944648176431656
888,0.11971553415060043,0.25555184483528137,0.19493785500526428
889,0.1232638955116272,0.25641191005706787,0.19549092650413513
890,0.1267465502023697,0.25726065039634705,0.19609645009040833
891,0.13016653060913086,0.258035808801651,0.1967022567987442
892,0.13354797661304474,0.2585907578468323,0.1974729597568512
893,0.13688737154006958,0.2586314380168915,0.19866520166397095
894,0.14010737836360931,0.25801947712898254,0.1998823881149292
895,0.1430691033601761,0.25667068362236023,0.20100906491279602
896,0.1457095742225647,0.2544858753681183,0.20210732519626617
897,0.1479187309741974,0.25144249200820923,0.2031373232603073
898,0.14962629973888397,0.24759940803050995,0.20405696332454681
899,0.15074901282787323,0.24301154911518097,0.20479221642017365
900,0.15117672085762024,0.23769120872020721,0.2052321881055832
901,0.15088523924350739,0.2317148745059967,0.20533180236816406
902,0.14992183446884155,0.22532054781913757,0.2050078809261322
903,0.1485501080751419,0.21859197318553925,0.20410631597042084
904,0.146694153547287,0.21152156591415405,0.20254729688167572
905,0.14415974915027618,0.20461970567703247,0.2002803534269333
906,0.1406365931034088,0.19877849519252777,0.19727343320846558
907,0.13661594688892365,0.19520165026187897,0.19393271207809448
908,0.13231870532035828,0.19393113255500793,0.1906529664993286
909,0.1280452460050583,0.1943201869726181,0.18760709464550018
910,0.1240256130695343,0.1957923322916031,0.18511000275611877
911,0.12030100077390671,0.19826781749725342,0.18302083015441895
912,0.11693469434976578,0.2015187293291092,0.18145203590393066
913,0.11392199993133545,0.20510153472423553,0.1808573603630066
914,0.11113045364618301,0.20838598906993866,0.18054285645484924
915,0.10848831385374069,0.2113530933856964,0.180364727973938
916,0.10599038749933243,0.21409043669700623,0.18032194674015045
917,0.10358797013759613,0.21659275889396667,0.1803557127714157
918,0.1013459861278534,0.21905186772346497,0.18058618903160095
919,0.09943021088838577,0.22168071568012238,0.18116579949855804
920,0.09791336208581924,0.22442910075187683,0.18201453983783722
921,0.09682171046733856,0.22726070880889893,0.18306708335876465
922,0.09615383297204971,0.23012958467006683,0.18424572050571442
923,0.09589499235153198,0.2329830676317215,0.18553651869297028
924,0.09586285054683685,0.23573316633701324,0.18672212958335876
925,0.09598797559738159,0.23825447261333466,0.18770645558834076
926,0.09640014916658401,0.24065561592578888,0.18864762783050537
927,0.09715502709150314,0.24292896687984467,0.18954063951969147
928,0.09826947748661041,0.24505309760570526,0.19037476181983948
929,0.0997549295425415,0.24699994921684265,0.19114449620246887
930,0.10163205116987228,0.24873590469360352,0.19186194241046906
931,0.10390602797269821,0.25022581219673157,0.19251024723052979
932,0.10649090260267258,0.25144636631011963,0.19305676221847534
933,0.1093684658408165,0.25240033864974976,0.19351553916931152
934,0.11247506737709045,0.25335919857025146,0.19389857351779938
935,0.11573769152164459,0.2543441951274872,0.1943187564611435
936,0.11914309859275818,0.25528624653816223,0.19478702545166016
937,0.1226709634065628,0.25615397095680237,0.19533200562000275
938,0.1261569708585739,0.2569999396800995,0.19592806696891785
939,0.12957234680652618,0.257790744304657,0.1965363621711731
940,0.132962167263031,0.25845402479171753,0.19722707569599152
941,0.13628603518009186,0.25855791568756104,0.19835537672042847
942,0.13952553272247314,0.2580667734146118,0.1995900571346283
943,0.14252503216266632,0.2568473219871521,0.2007368952035904
944,0.14521506428718567,0.2548123002052307,0.20184127986431122
945,0.14749102294445038,0.25192129611968994,0.20288152992725372
946,0.1492796540260315,0.24822114408016205,0.2038230001926422
947,0.15049907565116882,0.24377146363258362,0.20459164679050446
948,0.15104664862155914,0.23858769237995148,0.205086812376976
949,0.15086989104747772,0.2327386885881424,0.20524486899375916
950,0.1499776542186737,0.22635714709758759,0.2049405872821808
951,0.14867118000984192,0.2197323441505432,0.20415830612182617
952,0.14689552783966064,0.21274523437023163,0.2027115523815155
953,0.14447130262851715,0.20582368969917297,0.20056137442588806
954,0.14112110435962677,0.19967986643314362,0.1977217197418213
955,0.13720382750034332,0.1957349330186844,0.1944124549627304
956,0.13294756412506104,0.19411993026733398,0.19112542271614075
957,0.128655344247818,0.1942756026983261,0.18804073333740234
958,0.1246064081788063,0.19558104872703552,0.1854502260684967
959,0.1208464726805687,0.19789591431617737,0.18331672251224518
960,0.11742348968982697,0.20106996595859528,0.18160992860794067
961,0.11435379832983017,0.20463454723358154,0.1808856874704361
962,0.11152993142604828,0.20795656740665436,0.18054109811782837
963,0.1088639497756958,0.21096353232860565,0.18035106360912323
964,0.10634994506835938,0.21372249722480774,0.18029074370861053
965,0.1039310023188591,0.21625885367393494,0.1803172379732132
966,0.10164473205804825,0.21868784725666046,0.18049897253513336
967,0.09967426210641861,0.2213011384010315,0.18103879690170288
968,0.09809578210115433,0.22403772175312042,0.1818573772907257
969,0.09694185853004456,0.22685721516609192,0.18289150297641754
970,0.09621275216341019,0.2297278493642807,0.18405713140964508
971,0.09589715301990509,0.2325867861509323,0.18533574044704437
972,0.09583863615989685,0.23536962270736694,0.18655802309513092
973,0.09594260901212692,0.23792685568332672,0.18756845593452454
974,0.09631004184484482,0.24034541845321655,0.18851548433303833
975,0.09701637178659439,0.24263891577720642,0.18941761553287506
976,0.09808050096035004,0.24478648602962494,0.1902616173028946
977,0.09951376914978027,0.24676115810871124,0.19104011356830597
978,0.10133718699216843,0.24852868914604187,0.1917668581008911
979,0.10355740785598755,0.25005456805229187,0.19242826104164124
980,0.10610402375459671,0.25131461024284363,0.19299016892910004
981,0.1089305430650711,0.25229576230049133,0.19345928728580475
982,0.1120179072022438,0.25324127078056335,0.1938442438840866
983,0.11525994539260864,0.25423166155815125,0.19425959885120392
984,0.11864764988422394,0.2551823854446411,0.19471870362758636
985,0.12216015160083771,0.2560638189315796,0.1952509880065918
986,0.12566037476062775,0.25691133737564087,0.19583922624588013
987,0.12908613681793213,0.2577178180217743,0.19645048677921295
988,0.1324915885925293,0.2584383487701416,0.19708925485610962
989,0.13581742346286774,0.2585987448692322,0.19816391170024872
990,0.13908660411834717,0.25820988416671753,0.19941285252571106
991,0.14212986826896667,0.2570967674255371,0.20057490468025208
992,0.14487223327159882,0.2551829218864441,0.20168423652648926
993,0.14721526205539703,0.25241267681121826,0.2027387022972107
994,0.1490807980298996,0.24882158637046814,0.20369984209537506
995,0.15038779377937317,0.24447278678417206,0.20449838042259216
996,0.15103788673877716,0.23938603699207306,0.20504149794578552
997,0.15096469223499298,0.23362413048744202,0.20524998009204865
998,0.15017832815647125,0.2273041158914566,0.20502567291259766
999,0.14893567562103271,0.2207305133342743,0.20434336364269257
