,0,1,2,3
0,-0.0846236700789407,0.0,-0.9964129838888945,0.0
1,-0.15872459468552857,0.10215122355192018,-0.9818879452422278,0.016361343366483316
2,-0.2238006785257649,0.20727365394245195,-0.9518335540060602,0.03104471196426825
3,-0.27876751489676643,0.31319545435311846,-0.9068412368058778,0.04285150218148575
4,-0.3228325226585105,0.4176725030168026,-0.8477977709341181,0.05067328819765006
5,-0.3555096405648158,0.5184408727139207,-0.7758652329016142,0.05352660403600981
6,-0.3766260735546583,0.6132702939243474,-0.6924547402608137,0.050584384933242986
7,-0.3863209699084597,0.7000172946166321,-0.5991946176650566,0.04120322326984123
8,-0.38503611165866114,0.776676713194302,-0.49789375161066507,0.024945701183418982
9,-0.37349890164058636,0.8414303169734858,-0.39050101298508444,0.0015971877777717844
10,-0.3526981240498292,0.8926913258839612,-0.27906171960155945,-0.028823369620628647
11,-0.3238531364989792,0.9291437382308423,-0.16567218006202306,-0.06605897698031755
12,-0.2883773158144776,0.9497754799475087,-0.05243340387107534,-0.10961660263212572
13,-0.24783672308374308,0.9539045477489352,0.0585949203242776,-0.15877565237530322
14,-0.20390507218084425,0.9411974862874051,0.1654390865611411,-0.21260273277408606
15,-0.15831617720967633,0.9116797256318365,0.26625361844998485,-0.2699723626000691
16,-0.112815115740697,0.8657375035371049,0.35936010872218,-0.3295931384130092
17,-0.06910937486127482,0.8041113021418532,0.4432817458430254,-0.39003871843238364
18,-0.028821245175293074,0.7278809358567617,0.5167727309407291,-0.44978286272254847
19,0.006557305957819087,0.6384426311541856,0.5788419164509171,-0.507237660493506
20,0.03570611559308839,0.5374786346955988,0.6287701421290611,-0.5607939897342054
21,0.057513588812509384,0.4269200688892111,0.666120900840971,-0.6088631926339034
22,0.07110779426068485,0.30890391903359327,0.6907441318985088,-0.6499189139029906
23,0.07588108653146046,0.18572517958684165,0.7027731095489177,-0.6825380391371496
24,0.07150761611759585,0.05978530525510599,0.702614564329541,-0.7054396870780247
25,0.057953269584036064,-0.0664617974049954,0.6909323411414751,-0.7175212526434166
26,0.035477776160531486,-0.19056494255396222,0.6686250559555198,-0.7178905659058255
27,0.004628917203004762,-0.3101306787203122,0.6367983591272467,-0.7058933241325153
28,-0.0337710230918158,-0.42287682521002373,0.5967325437540972,-0.681135067313662
29,-0.07864622879713269,-0.5266832501183408,0.5498463491382648,-0.6434970995117938
30,-0.12869521812774828,-0.6196386774333301,0.49765789947984135,-0.5931459056126379
31,-0.18242490004515144,-0.7000824091323361,0.4417437842117466,-0.5305357720053062
32,-0.2381899582426205,-0.7666399739016885,0.3836973272933582,-0.4564044864331754
33,-0.29423656148496447,-0.8182518640306418,0.32508710733114415,-0.37176216260258993
34,-0.34874928673499483,-0.8541946924172317,0.2674167782788492,-0.2778734048861537
35,-0.3999000569331806,-0.8740942882447793,0.21208720204045672,-0.17623319339256624
36,-0.4458978408561431,-0.8779304481101916,0.1603618405671534,-0.06853702569255839
37,-0.48503783955812163,-0.8660332642903277,0.11333626764761946,0.04335400529520135
38,-0.5157488931033714,-0.8390711583384921,0.07191255177206188,0.15745239091477425
39,-0.5366378824285697,-0.7980309511907513,0.03677913397165372,0.2716867302399217
40,-0.5465299732355869,-0.7441904954029467,0.00839668162821261,0.38394659868874925
41,-0.5445036500344568,-0.6790845762213792,-0.013009755470580517,0.492128702373656
42,-0.5299196163315553,-0.6044649514358927,-0.027452123178974025,0.5941832239684884
43,-0.5024427883177635,-0.5222555413428631,-0.03517427791723304,0.6881592578590697
44,-0.4620567804952395,-0.43450389617368734,-0.036640607275092836,0.7722482513458822
45,-0.4090704682328202,-0.3433301561713167,-0.03251868654948823,0.8448244142472783
46,-0.34411640961277995,-0.2508747769768289,-0.023656454279580377,0.9044811303078433
47,-0.2681411122053783,-0.15924631873086775,-0.011054530160024924,0.9500624986172596
48,-0.1823873345107103,-0.07047059070321869,0.004165576990042701,0.980689249469146
49,-0.08836881164344625,0.013557595453823845,0.02079651837714207,0.9957784138841453
50,0.012162014589021185,0.09111888056773139,0.03758247532417918,0.9950562760737341
51,0.1172525045178007,0.16070893683209656,0.05325785466157093,0.9785642997388814
52,0.2247936535584918,0.22107221261488924,0.06658627970532927,0.9466578883019914
53,0.33256819879412025,0.2712290347157836,0.07639883928259208,0.89999801179461
54,0.43830183885720847,0.3104954291010845,0.08163057588529594,0.839535904915542
55,0.539716325505136,0.33849520625741425,0.08135423863384075,0.7664912075035778
56,0.6345831346652553,0.3551640533818304,0.07481039619631326,0.6823240762311971
57,0.720776406055847,0.3607455777487669,0.061433097391880916,0.5887019408433818
58,0.7963238542685143,0.3557794486981005,0.040870380584527494,0.487461706186126
59,0.8594544001225093,0.34108198468767537,0.012999064297434543,0.38056830945175313
60,0.9086413480674427,0.3177197217680029,-0.022066602551185074,0.2700706278618443
61,0.9426400415405768,0.28697667591712306,-0.06397269544276046,0.15805579331908431
62,0.9605190608753265,0.2503161695194105,-0.11212987475912825,0.04660300589889098
63,0.9616841843434079,0.209338227941911,-0.16572408578589232,-0.06226205342200685
64,0.9458945083486768,0.16573366227123035,-0.2237334664356478,-0.1666111288679985
65,0.9132703133451388,0.1212360360802821,-0.2849510708018697,-0.26465457783095114
66,0.864292463016433,0.07757276556461173,-0.3480128660599242,-0.35477887405030706
67,0.7997933306604231,0.03641662225021744,-0.41143032295373744,-0.4355795532496625
68,0.7209394534644269,-0.000661104751068696,-0.47362679961930676,-0.5058888435825546
69,0.6292063173181707,-0.03223457395251669,-0.5329768178561993,-0.5647973566836919
70,0.5263458669942593,-0.05706334581771555,-0.5878472527283362,-0.6116693635632707
71,0.4143475141725909,-0.07412729123874758,-0.6366394025600173,-0.6461513393165916
72,0.29539357449863524,-0.08265554874537194,-0.6778308783879675,-0.6681736276674771
73,0.17181020071791628,-0.08214877744832629,-0.7100162504866265,-0.6779452465634133
74,0.046014988559414834,-0.07239412419411304,-0.7319454147900474,-0.6759420251603457
75,-0.07953748726151741,-0.0534725096183205,-0.742558693311938,-0.6628884263751398
76,-0.20241089977712953,-0.025758034046130984,-0.7410177587855878,-0.639733563679346
77,-0.320241834471713,0.010090494433443481,-0.7267315728562125,-0.6076220621325528
78,-0.4307925821443721,0.05314570596371843,-0.6993766468319563,-0.5678605383129653
79,-0.5320007972684488,0.10223508881699457,-0.6589110712930125,-0.5218805787225756
80,-0.6220248373525058,0.15597109656575206,-0.6055819123847747,-0.4711991788459133
81,-0.6992837060410457,0.2127871840984241,-0.5399257346358098,-0.41737766330620296
82,-0.762490656323191,0.2709788612266726,-0.4627621786340336,-0.36198014008230744
83,-0.8106796669200164,0.32874872264356547,-0.3751806926887247,-0.30653254776007643
84,-0.8432241808005233,0.3842543091244131,-0.27852068646328565,-0.2524833341918348
85,-0.8598476854624365,0.43565757974584696,-0.1743455372898083,-0.20116675829273964
86,-0.8606259153717234,0.4811747304468417,-0.06441103242442595,-0.15376973522775061
87,-0.8459806628009767,0.5191250816138816,0.04937103092515356,-0.11130305077395077
88,-0.8166653891351335,0.547977776891699,0.16497324482598535,-0.07457765558918437
89,-0.7737430294205607,0.5663950866466712,0.2802960454379554,-0.04418661740219834
90,-0.7185565735481483,0.5732711911939523,0.3932132020468744,-0.02049316212437234
91,-0.6526931832646589,0.5677654290309859,0.5016182661464484,-0.003625077286864911
92,-0.5779427608531214,0.5493291311753046,0.603470879873086,0.006524412989735738
93,-0.49625201894577337,0.5177253209147118,0.6968418435115706,0.01028935894007376
94,-0.4096752082413901,0.47304073491268267,0.7799558691644574,0.008217604368566084
95,-0.32032273825939944,0.4156898122774449,0.8512310013621219,0.0010514954970485685
96,-0.23030897376558837,0.3464104981521251,0.9093137640804835,-0.010296690090495757
97,-0.14170050500798004,0.26625191263215336,0.9531091954055994,-0.02477392850344131
98,-0.056466173064341096,0.17655413927020092,0.9818050534430158,-0.04121946433158156
99,0.023569917111340405,0.07892058500925184,0.9948896170082939,-0.05840077258267445
100,0.0967712426889493,-0.02481644984564747,0.9921626587113833,-0.07505150940690263
101,0.1617265226853101,-0.1326361817178797,0.9737393324686008,-0.0899104419020552
102,0.21728127988298174,-0.24237477249466882,0.9400468881927552,-0.10176032168624732
103,0.26256254970355497,-0.35177468754170943,0.8918142992195908,-0.109465667702574
104,0.29699615563534637,-0.45853679246800294,0.8300550586708195,-0.11200845086850908
105,0.32031615981691575,-0.560373926284605,0.7560435652285319,-0.1085207260252667
106,0.33256629579440705,-0.6550646479316378,0.6712856726593807,-0.09831333385674856
107,0.3340933933255049,-0.7405058446847423,0.5774841170950292,-0.08089989509858042
108,0.32553300731133794,-0.8147629149423514,0.4764996581165388,-0.056015438945893864
109,0.30778765943531994,-0.8761162937791539,0.3703088711109691,-0.023629144092155316
110,0.28199828695592044,-0.9231031760754309,0.260959606687282,0.016049179137815388
111,0.24950966368923985,-0.9545534068834791,0.15052518624798722,0.06256907732925886
112,0.2118307092621529,-0.9696186491496899,0.04105842982616416,0.1152459594729105
113,0.17059073044476686,-0.9677941015153322,-0.06545338761963325,0.17317399864749689
114,0.12749273959422863,-0.948932219659656,-0.1671315820736964,0.23524514472375485
115,0.08426506743833412,-0.9132480890626399,-0.2622460921249086,0.3001738053166239
116,0.042612528802388284,-0.861316300346924,-0.34925155790726026,0.3665266053714292
117,0.0041684094148577225,-0.7940593854828008,-0.42681860953974016,0.4327565034060009
118,-0.029551480607156972,-0.7127280789832766,-0.4938596483714178,0.49724042789498996
119,-0.05719149501249573,-0.6188738676851469,-0.5495485427377895,0.558319503482939
120,-0.07759447396899,-0.5143144808708721,-0.5933338121899393,0.6143408660411205
121,-0.08983470560577242,-0.401093144678903,-0.6249450364666039,0.6637000198554068
122,-0.09324466853704322,-0.28143257671655597,-0.6443923937943302,0.7048826706425038
123,-0.08743485637410628,-0.15768482477086612,-0.6519594032304479,0.7365049751815794
124,-0.07230616196021833,-0.03227815434536096,-0.6481891134755068,0.7573511819931852
125,-0.04805448905976441,0.09233773905567477,-0.6338641417092052,0.7664076969097731
126,-0.015167457721723045,0.21374687717327379,-0.6099811165484839,0.7628926911297541
127,0.025586728472941696,0.3296211826160142,-0.5777202154589969,0.7462804753890344
128,0.07317798465959927,0.4377724008123589,-0.5384106055030744,0.7163199896205289
129,0.12634015402258672,0.5362005192599769,-0.4934926942554119,0.6730468998096739
130,0.18360327950678915,0.623137530529312,-0.4444781726562057,0.616788949181469
131,0.24333152699596575,0.6970855012634796,-0.3929088816720588,0.5481643755309769
132,0.3037658031154733,0.7568480506112514,-0.34031555869162583,0.46807337635884444
133,0.3630699888464067,0.8015545046202767,-0.2881775170421441,0.3776827742874124
134,0.4193796152118181,0.830676174047669,-0.2378842829866336,0.27840420277404143
135,0.47085174182277284,0.8440343973176108,-0.19070015982384592,0.171866292245802
136,0.5157147647251071,0.841800193144833,-0.14773260968132823,0.0598814854741745
137,0.5523168776619959,0.8244855736138139,-0.10990524228978459,-0.05559175541056595
138,0.5791719406563083,0.7929267731385415,-0.077936079034216,-0.17249047272611612
139,0.5950015710108488,0.7482598466524726,-0.052321622965042974,-0.2886914965019663
140,0.59877236292815,0.6918892766893285,-0.0333271147054052,-0.40205744567309015
141,0.5897272607196805,0.6254503991012552,-0.02098319412076949,-0.5104833609361151
142,0.5674102540691971,0.5507666068172508,-0.015089022266781722,-0.6119428648159685
143,0.5316837284780302,0.469802416578944,-0.015221751673525366,-0.7045327533367587
144,0.48273798576148375,0.384613581913293,-0.020752069657266045,-0.7865149593718552
145,0.4210926437652127,0.2972955043029656,-0.030865383192706063,-0.8563548894053432
146,0.3475898264915642,0.20993123192551993,-0.044588068865425476,-0.912755221566358
147,0.26337926053449795,0.12454034056282653,-0.060818081209877806,-0.9546843612895012
148,0.16989559601301146,0.04302996424673909,-0.07835910060451824,-0.9813988791438264
149,0.06882846501824638,-0.032850815376096076,-0.0959573106692225,-0.9924594001073734
150,-0.037914026918140886,-0.10155210060336468,-0.11233982709171296,-0.9877395712812653
151,-0.14824751523033017,-0.16175882621938786,-0.12625375671743025,-0.9674279018525852
152,-0.2599582909406789,-0.21242006234138178,-0.13650484866214066,-0.9320224409196444
153,-0.3707537899511096,-0.2527712714349638,-0.14199470858653432,-0.8823184313542729
154,-0.4783154392483173,-0.28234899910045486,-0.1417555828801209,-0.8193892469430981
155,-0.5803525800652751,-0.3009976706416494,-0.13498178045180698,-0.7445610814607081
156,-0.6746561574269544,-0.30886836568190823,-0.1210568845936625,-0.6593820081101388
157,-0.7591508672773057,-0.3064096461648231,-0.0995760138503021,-0.5655861622378554
158,-0.8319444865291732,-0.2943507138775062,-0.0703625163213019,-0.4650539160897875
159,-0.8913731770851655,-0.27367736713315344,-0.03347862320034234,-0.35976900878309825
160,-0.9360416505468596,-0.2456014076008997,0.010770258935566462,-0.2517736653195196
161,-0.9648572036177848,-0.2115243129369454,0.0618377753905738,-0.14312278364455522
162,-0.9770567820804772,-0.17299613473337236,0.11894536189171442,-0.035838287379676884
163,-0.9722264000456048,-0.13167070076465057,0.18109731934289516,0.0681352665022133
164,-0.9503124267655993,-0.0892582925940843,0.2471018869275676,0.16697277087866727
165,-0.9116244510924787,-0.047477032007289754,0.3155978209899086,0.2590073492944458
166,-0.8568296387510751,-0.008004240916375492,0.38508584441236676,0.34276492632454136
167,-0.7869387049233556,0.027570961442273487,0.4539642040970843,0.4169937867369269
168,-0.7032838290689535,0.05779259297788903,0.5205674658690029,0.4806884494615262
169,-0.6074890353843773,0.08137910775763373,0.5832075894014267,0.5331073253791452
170,-0.5014337459676739,0.09725998586393941,0.6402162628355564,0.5737837836288563
171,-0.38721038006369535,0.10460666098775154,0.6899874392464607,0.6025304156057478
172,-0.26707701760466,0.10285697736217286,0.7310190059883789,0.6194364549807194
173,-0.1434062650509103,0.09173253284037525,0.7619525335630272,0.6248584817058344
174,-0.01863155331995453,0.07124844645323691,0.7816100926587481,0.6194047038511014
175,0.10480784089614503,0.0417152820827695,0.7890271954104735,0.6039132691290394
176,0.2245217293953627,0.00373306009789124,0.7834810080994945,0.5794252041799882
177,0.3382225840585371,-0.04182250911372607,0.764513095222389,0.5471527104910306
178,0.4437764627145606,-0.09382123690186177,0.7319460863454571,0.5084436579704074
179,0.5392500729527793,-0.15090658990774514,0.6858938041878286,0.4647432079327096
180,0.6229528541511407,-0.21153004425826427,0.6267645513167543,0.41755356434085467
181,0.6934730820329826,-0.2739907990571309,0.5552574197644417,0.3683928939654568
182,0.7497071484694346,-0.33647984916533774,0.4723516586570207,0.3187544716603364
183,0.7908813383125054,-0.3971273036218455,0.37928930535148686,0.2700670958725814
184,0.8165656105697784,-0.4540517503142121,0.2775514513805943,0.2236577821313882
185,0.8266790886026508,-0.5054104118487669,0.16882867159226134,0.1807176795732487
186,0.8214871683414492,-0.5494488134187485,0.05498628933674477,0.14227206917751672
187,0.8015903596891834,-0.5845486914684671,-0.06197472119202779,0.1091551945123885
188,0.7679051792142795,-0.6092729119386607,-0.17996028550868723,0.08199054917063335
189,0.7216376068788483,-0.6224062378895248,-0.2968282356058419,0.06117710291846823
190,0.6642498010903644,-0.6229908865943188,-0.4104347138308787,0.04688179448781017
191,0.5974209303076582,-0.6103559433041928,-0.5186808781839326,0.03903845680768435
192,0.5230031217252655,-0.5841398496595613,-0.6195588035597484,0.037353174389117706
193,0.4429736446934578,-0.5443053554257876,-0.7111954907140188,0.04131590674119061
194,0.35938453562451045,-0.49114650862180154,-0.7918939386356654,0.050218050287325774
195,0.2743109300090964,-0.4252874565549427,-0.8601703054849111,0.06317545834077701
196,0.18979939439518073,-0.34767303385944404,-0.9147862766125295,0.07915629814219113
197,0.10781754613046526,-0.25955131828815653,-0.9547758731174936,0.09701299930430685
198,0.030206211508416125,-0.162448535624952,-0.9794660681016436,0.11551744239345899
199,-0.04136469534156168,-0.058136886663134754,-0.988490726950478,0.1333984524697795
200,-0.10543548817031863,0.05140395305155607,-0.9817975489341669,0.1493806023278214
201,-0.16079025888527326,0.16403075052988084,-0.959647856217246,0.16222329544752706
202,-0.20648385070678038,0.27748500229192824,-0.9226092488295121,0.17075909016679233
203,-0.24186161091358765,0.3894444320330062,-0.871541316035503,0.17393024454612663
204,-0.2665714640603458,0.49757645705347436,-0.8075747616119157,0.170822505374125
205,-0.2805680418803311,0.5995923290867572,-0.7320844586881772,0.16069523366608043
206,-0.28410880766782537,0.6933006346803456,-0.6466570951347881,0.14300705111718562
207,-0.2777423157095932,0.7766588522856495,-0.553054199425848,0.11743630498293073
208,-0.2622889452189717,0.8478217074294497,-0.453171446292867,0.08389577994251535
209,-0.23881463823550583,0.9051851427070109,-0.34899522864985505,0.04254123137107458
210,-0.20859834732862734,0.9474248240144348,-0.24255754507978133,-0.006226528555582159
211,-0.17309405727035262,0.9735282358560646,-0.13589028911095763,-0.06176609631509762
212,-0.13388838115825683,0.9828195734868752,-0.030980036701619168,-0.12320643119522146
213,-0.09265484236757268,0.9749768142594648,0.07027558842037077,-0.18946406919116465
214,-0.051106036419980794,0.9500405405303881,0.16610893519217762,-0.25926620689841257
215,-0.01094491931352301,0.9084142871471294,0.2549197637218203,-0.33117911424515173
216,0.02618351024196708,0.8508563929252213,0.3353082264777462,-0.4036411966908728
217,0.058738878409243536,0.7784635425311351,0.4061026304101095,-0.4749999059863949
218,0.08532924030282596,0.6926463876912945,0.46638135035147343,-0.5435515968258056
219,0.10475088088033854,0.5950978296416066,0.5154884112969143,-0.6075833473106599
220,0.1160230754423821,0.4877547234428387,0.5530424158842676,-0.6654157061243625
221,0.11841690127432503,0.372753924794886,0.5789386596184958,-0.7154453001045832
222,0.11147734372090812,0.2523837373338543,0.5933444459625387,-0.7561862332863084
223,0.09503811094834612,0.1290319296961303,0.5966877821240699,-0.786309232586088
224,0.0692287575223029,0.005131574138309822,0.5896398000035739,-0.8046775455612782
225,0.03447391304266259,-0.1168939898201698,0.5730914012662269,-0.8103786709052514
226,-0.008515386500847176,-0.23468574367957062,0.5481247670222165,-0.8027511007050344
227,-0.05875806531761039,-0.3460018200905094,0.5159804976406663,-0.7814053725875417
228,-0.11502667616785271,-0.4487673099534069,0.4780212536888395,-0.7462388667904604
229,-0.17587778722337039,-0.5411198578871261,0.4356928522820668,-0.6974439345438059
230,-0.2396883315954358,-0.6214499629197286,0.3904838322078653,-0.6355091062040902
231,-0.3046970099327316,-0.6884350332461718,0.3438845346153,-0.5612132963408958
232,-0.3690497054477139,-0.7410663991369459,0.29734675304605573,-0.4756130942605783
233,-0.43084776570895655,-0.7786686627024176,0.2522449869970295,-0.38002339802135515
234,-0.488197929202002,-0.8009109528728459,0.2098402875816143,-0.2759918136446254
235,-0.539262628958222,-0.8078098539274126,0.17124761338530023,-0.1652673948989304
236,-0.5823093916612846,-0.799723981226439,0.13740752109901563,-0.04976443890795134
237,-0.6157580689493579,-0.777340383369351,0.10906290134595893,0.06847782456351181
238,-0.6382246877192829,-0.7416531507141736,0.0867413381939475,0.18733871001394237
239,-0.648560786891988,-0.6939348010745994,0.07074352451003454,0.3046616997646795
240,-0.6458872173373306,-0.6357011897279484,0.06113800826930292,0.41830114009355934
241,-0.6296215167863132,-0.5686708482579773,0.05776238114514377,0.5261689075436708
242,-0.5994981292347582,-0.49471979133157035,0.06023085432009717,0.6262799416369195
243,-0.5555809146559157,-0.41583293894978485,0.06794800166411548,0.7167955658514722
244,-0.4982675854109576,-0.33405338135744755,0.0801282913890328,0.7960635707350651
245,-0.42828590583904563,-0.2514307626970398,0.09582087801605091,0.8626541101539164
246,-0.34668169614291816,-0.16997007647550805,0.11393899075296034,0.9153905620272565
247,-0.25479888576552645,-0.09158215059681393,0.13329313559478945,0.9533746260038692
248,-0.15425205989139745,-0.018037052525352495,0.15262722963417866,0.9760050694180082
249,-0.046892130552873,0.04907843269387268,0.170656709693574,0.982989686097005
250,0.06523406361396382,0.10839820533720024,0.186107605402925,0.9743501964054149
251,0.17992927194944483,0.15880822107713638,0.19775554056537503,0.9504199872633933
252,0.2948953741260936,0.1994710695728391,0.20446362675359922,0.9118347635713745
253,0.4077857608457441,0.22984317672387639,0.2052182395739339,0.8595163532540324
254,0.5162592898278298,0.24968423387825125,0.19916172027319878,0.7946500727974027
255,0.6180345115428263,0.2590586550394073,0.18562112204601605,0.7186562146406074
256,0.7109428488558149,0.2583290655147237,0.1641322196170361,0.6331563582991573
257,0.7929794369514142,0.24814202741108157,0.134458119942032,0.5399353301888921
258,0.8623503840931399,0.2294064038462965,0.09660194821124632,0.44089973977142777
259,0.9175152986124935,0.20326494978381884,0.05081323333167296,0.3380340993447127
260,0.9572240409491726,0.17105988835134447,-0.0024122230476294713,0.23335558961834785
261,0.980546798785459,0.13429338309007527,-0.062339044133376445,0.1288685618230816
262,0.986896744904703,0.09458394500690098,-0.12800542488568525,0.026519868839520122
263,0.9760447173704152,0.05361991535286928,-0.1982424458926263,-0.07184390730859841
264,0.9481255555231863,0.013111238178225012,-0.2716991135404848,-0.16451631560000712
265,0.9036359283376262,-0.025259220909226977,-0.34687253807078827,-0.24996704404537176
266,0.8434236988502029,-0.05988354278374508,-0.42214252774529204,-0.326873235047354
267,0.7686690745392634,-0.08927456413016524,-0.4958097616999408,-0.3941453871978854
268,0.680857993611986,-0.11210843555712025,-0.566136609090961,-0.4509472597306534
269,0.5817483861816248,-0.12726281917419915,-0.6313895902390214,-0.4967093469713551
270,0.47333012262861657,-0.1338497275816456,-0.6898824285061304,-0.5311356514838605
271,0.35777961474709413,-0.13124214277908988,-0.740018620818551,-0.5542036521640578
272,0.23741016479721005,-0.11909371191542009,-0.7803324606501671,-0.5661575331026021
273,0.1146192601163959,-0.09735099309525803,-0.8095274798109371,-0.5674949063953747
274,-0.008165916035944812,-0.06625791420062219,-0.8265113337861711,-0.5589474230588078
275,-0.12854344501018802,-0.026352306112210566,-0.830426238240228,-0.5414558168028719
276,-0.2441907828904751,0.021545426161969555,-0.8206741696174492,-0.5161400618878048
277,-0.35291672156687504,0.07635123020203025,-0.7969361679664906,-0.4842654452591162
278,-0.45270995719372353,0.13674347217610827,-0.7591852221068233,-0.4472054516768483
279,-0.5417831081075288,0.20119550057181695,-0.7076923725514381,-0.4064024362027363
280,-0.6186111383233646,0.2680138990381331,-0.6430258323668074,-0.36332710932935125
281,-0.6819632823344043,0.33538147278369923,-0.5660430963189144,-0.31943788499615144
282,-0.7309277286232335,0.4014038898886606,-0.47787618001386173,-0.27614114015714875
283,-0.7649284990268955,0.46415880275641125,-0.3799102990502556,-0.23475340652638046
284,-0.7837341544055003,0.5217462081996237,-0.27375645928753156,-0.1964664613769127
285,-0.7874581591372704,0.5723387690291803,-0.1612185792041753,-0.16231620619546502
286,-0.7765509427774306,0.614230816424784,-0.04425590025236906,-0.1331561215959659
287,-0.751783901660659,0.6458847809415652,0.07505844224167862,-0.10963596672713989
288,-0.7142257812216468,0.6659738600735047,0.19458171963066592,-0.09218625452145895
289,-0.6652120664441322,0.6734198203890355,0.31214774206869944,-0.08100888399268874
290,-0.6063081785009743,0.6674249501635813,0.4256137358003961,-0.07607415119477062
291,-0.5392674260930231,0.6474973212470283,0.5329068592267117,-0.07712419543859678
292,-0.46598478651610564,0.6134686830869561,0.6320692584117832,-0.08368277109343758
293,-0.3884476909659052,0.5655044933094718,0.7213005966336172,-0.09507107197272108
294,-0.30868505858830564,0.5041057835330485,0.7989970525783294,-0.11042917904251404
295,-0.22871586259385554,0.430102761327755,0.8637858663633963,-0.12874255693835246
296,-0.15049851845394857,0.34464025440114526,0.9145546196714576,-0.14887289419862842
297,-0.07588235865991322,0.2491553060848686,0.9504745632455148,-0.16959246951800314
298,-0.006562401434965351,0.14534742695358377,0.9710174487113615,-0.18962113453794313
299,0.05596146638835834,0.03514219104849462,0.9759654786109403,-0.20766493504608513
300,0.11041988715830253,-0.07935096788241991,0.9654141547820707,-0.222455348693821
301,0.15580314569592385,-0.19588575864877872,0.9397679767072173,-0.23278809957872146
302,0.1913832943461724,-0.31212971036895093,0.899729113948513,-0.23756051873917527
303,0.21672876482282954,-0.4257173087267637,0.8462793460381727,-0.23580645457241606
304,0.2317111335165134,-0.5343043097279072,0.7806557250334012,-0.22672779755304306
305,0.23650390660971699,-0.6356219174848512,0.7043205663906154,-0.20972176789839334
306,0.23157339404325392,-0.7275295124901285,0.618926509166477,-0.18440322089964
307,0.21766194201711825,-0.8080646491968687,0.5262775034909954,-0.15062134986435388
308,0.19576398725287109,-0.8754891057394543,0.42828667891717737,-0.10847030786571182
309,0.16709557784092488,-0.928329862734561,0.32693211929902993,-0.058293423230117394
310,0.13305817059373268,-0.9654140099958193,0.2242116165382059,-0.0006808460658719075
311,0.09519765928810887,-0.9858967266734966,0.12209749575358213,0.06353936993119833
312,0.05515970838909305,-0.9892816481778212,0.02249259770964851,0.1333165788537719
313,0.014642559794980973,-0.9754331181181234,-0.0728115291007372,0.20739891212592787
314,-0.02465145649690001,-0.9445800208226902,-0.1621732336115294,0.2843602156687273
315,-0.061064444714403136,-0.8973110949196292,-0.2441352550890062,0.3626319204765087
316,-0.09303023531754863,-0.8345618358906435,-0.3174543001344561,0.44053908421131244
317,-0.11911921513527961,-0.7575933003289428,-0.3811250255110328,0.5163397319705998
318,-0.13807952700378484,-0.667963321774395,-0.43439789029691483,0.5882665364374527
319,-0.14887356279100553,-0.5674908325897207,-0.4767904954811127,0.6545698134251324
320,-0.15070879346831953,-0.4582141538183289,-0.5080921927006973,0.7135607700318641
321,-0.143062123922355,-0.34234426118938954,-0.5283619122792426,0.763653930247293
322,-0.12569712487051857,-0.2222141567996132,-0.5379193298591748,0.8034076772604168
323,-0.09867367541898159,-0.10022556951149247,-0.5373296565074301,0.8315618926051214
324,-0.062349742931823424,0.02120572953609031,-0.5273824950894976,0.8470717386764599
325,-0.01737522711475901,0.13970467825792854,-0.5090653520232287,0.8491367214559893
326,0.03532200247353387,0.252990424564529,-0.48353252460613777,0.8372242822971244
327,0.09455754696938988,0.35892729293336595,-0.452070196708731,0.8110872985976222
328,0.15891887701779892,0.4555719974516183,-0.41605866695778704,0.7707750199083063
329,0.2267999916100985,0.5412159769475391,-0.3769327013475913,0.7166371248806378
330,0.29644147758149453,0.614421850177388,-0.3361410448557065,0.6493207515220858
331,0.3659749706693621,0.6740531359026052,-0.2951061430753936,0.5697605243807132
332,0.433470904215222,0.7192965504129142,-0.25518511473950933,0.47916177328570647
333,0.4969883445996302,0.7496763794446604,-0.21763297959627886,0.3789773048968908
334,0.5546256555434075,0.7650606179175727,-0.18356908435965136,0.27087824643552677
335,0.6045707079543647,0.7656587745781154,-0.1539475839837917,0.15671962666063238
336,0.6451493587221842,0.7520114444284653,-0.1295327284846034,0.03850148880627469
337,0.6748709606388876,0.7249719546235264,-0.11087957967137256,-0.08167355941545532
338,0.6924697355192239,0.6856805842978507,-0.09832064065068413,-0.20164536525526885
339,0.6969409419079955,0.6355320407085224,-0.09195872740451902,-0.31924276214096914
340,0.6875708950467319,0.5761370386399071,-0.09166625000827008,-0.4323305166204387
341,0.6639600469117728,0.5092789731404705,-0.09709090522889467,-0.5388555833836538
342,0.6260385044134248,0.43686679381472354,-0.10766761651637945,-0.6368915761788118
343,0.5740735500392342,0.3608852791661496,-0.12263639595758064,-0.7246804046012678
344,0.5086689267115128,0.28334396966676645,-0.1410656496756393,-0.8006700945665622
345,0.4307558525015305,0.20622604685619125,-0.16188030729599956,-0.8635479021128472
346,0.34157593603022945,0.13143844217621575,-0.18389403101908477,-0.9122679437527729
347,0.24265636477895175,0.06076442355833833,-0.20584465370130162,-0.9460726991116906
348,0.13577793111735148,-0.004180159063433608,-0.2264319108356236,-0.9645078897795641
349,0.022936639826775868,-0.06198588443364754,-0.2443564705831835,-0.9674303985137964
350,-0.09370019820988286,-0.11148306526080703,-0.2583592305838403,-0.9550090612070679
351,-0.21184234268642904,-0.1517685336907813,-0.2672598410765336,-0.9277183362283081
352,-0.3291283142310269,-0.1822252598938181,-0.2699934311414705,-0.8863250276103736
353,-0.44317915694054266,-0.20253433998595655,-0.26564455822220007,-0.8318684058592777
354,-0.5516529773194686,-0.2126790841438093,-0.2534774694282177,-0.7656342287767612
355,-0.6522989415016051,-0.21294113685994073,-0.23296185476188405,-0.6891233107177434
356,-0.7430094227867857,-0.20388876377436582,-0.20379338507415667,-0.6040154185586912
357,-0.8218690339592204,-0.18635763832269475,-0.16590845842057741,-0.512129383146711
358,-0.8871993525420607,-0.16142465157532238,-0.1194927242912288,-0.41538040343063065
359,-0.9375982502822932,-0.13037544533559325,-0.06498311227809767,-0.31573558469038365
360,-0.9719728682168455,-0.09466652738847728,-0.0030632561856301192,-0.2151687907296673
361,-0.9895654324397668,-0.05588296476328213,0.06534762773655034,-0.1156159016691512
362,-0.9899712793793242,-0.015692762562907428,0.1391121830643386,-0.018931553826299338
363,-0.9731486487127128,0.024200880480328337,0.2168982890672725,0.07315160348405066
364,-0.9394200023176981,0.06210819512896304,0.2972078309642327,0.15906016646782037
365,-0.8894648339344416,0.09640107692980686,0.37841018611617044,0.2374128737121883
366,-0.8243041413866974,0.12555967728951303,0.458779625041723,0.3070483766090807
367,-0.7452769361677496,0.14821613589514238,0.5365357231589596,0.36704724934402994
368,-0.6540093589141347,0.1631943127228449,0.6098857984691645,0.41674775053174706
369,-0.5523771489818965,0.1695444794849968,0.6770683340687381,0.455755006291953
370,-0.44246237756482915,0.166572058345139,0.7363963138583088,0.48394344995488175
371,-0.3265054925718278,0.15385964686992626,0.7862993959271587,0.501452522528383
372,-0.20685383638669214,0.13128173869488247,0.8253638709765603,0.5086758063284903
373,-0.08590788188886879,0.09901173497707218,0.852369402290269,0.5062439275739788
374,0.03393351435162274,0.05752103773404778,0.8663216179916785,0.4950017182010807
375,0.15032752128286453,0.007570217702960593,0.8664797238475954,0.47598026882411093
376,0.26104009558745944,-0.049807548664948104,0.8523784233069572,0.4503646301303252
377,0.36399583077607145,-0.11333038110679794,0.8238435678972618,0.4194580259455466
378,0.4573237014312182,-0.18149835661693756,0.7810011121870549,0.3846435251205743
379,0.5393976145481765,-0.25263017650367703,0.7242791095386975,0.3473441792016757
380,0.6088708102646725,-0.3249049314895254,0.6544026538243577,0.3089826671013478
381,0.6647033080303231,-0.39640792473102376,0.5723818439868933,0.27094149585870514
382,0.7061817676017382,-0.46517940638138805,0.4794930185510283,0.23452478791456208
383,0.7329313228389248,-0.529264995686775,0.37725367171625596,0.2009226406328198
384,0.7449191454238218,-0.5867665195757062,0.2673916174184824,0.17117897423568496
385,0.7424497003666924,-0.6358919814869601,0.15180910889597618,0.14616369166865278
386,0.7261518604161815,-0.6750033912057286,0.03254274533922568,0.12654986053201317
387,0.6969582471439187,-0.702661235357926,-0.08827989893667532,0.1127964959876076
388,0.6560773575503317,-0.7176644477676248,-0.20848590626214122,0.1051373777978771
389,0.6049592117947492,-0.7190848471664788,-0.3259038354748886,0.10357617806714116
390,0.5452554157091657,-0.7062951440901231,-0.4384106268905746,0.10788801279081216
391,0.47877466720057527,-0.6789897758870503,-0.5439774862078641,0.11762736410718853
392,0.4074348451374052,-0.6371980047107365,-0.6407136650099188,0.1321421553860442
393,0.33321290015687444,-0.5812889038044485,-0.7269071058103682,0.1505936021391791
394,0.25809381704458473,-0.5119680575920204,-0.8010609950909705,0.17198131221933144
395,0.18401993671360722,-0.430266006083402,-0.8619253666317014,0.19517297266211195
396,0.11284191193069006,-0.33751866879220177,-0.9085230172056381,0.21893784126124674
397,0.04627252519231308,-0.23534018265059126,-0.9401691344435301,0.24198316156712374
398,-0.014155479273407351,-0.12558877733020546,-0.9564841889709843,0.2629925429812797
399,-0.06712650256014908,-0.010326485227941894,-0.957399806022649,0.28066529494164283
400,-0.11157322159490604,0.10822636218544829,-0.9431575016206717,0.29375567720078527
401,-0.14670098147983965,0.2277407687856531,-0.9143003408765815,0.30111102759404956
402,-0.17200486087051295,0.3458316514944108,-0.8716577467835748,0.3017077545137817
403,-0.18727900894353233,0.46011209832159744,-0.8163238528009137,0.29468423292652435
404,-0.19261804965273607,0.5682479994368826,-0.7496299475312698,0.2793697189178139
405,-0.1884105509642728,0.6680117317838427,-0.673111701043334,0.255308496535133
406,-0.1753247585225353,0.7573335981042154,-0.5884719864262099,0.22227858966424505
407,-0.1542869896655911,0.8343497736452431,-0.497540213939393,0.18030450785046728
408,-0.12645326995001085,0.8974455970039554,-0.4022291761077552,0.12966364496203106
409,-0.09317496568746308,0.9452931534771676,-0.3044904583377577,0.0708861096379096
410,-0.055959318142097536,0.9768822371827512,-0.2062694997480562,0.0047479325592544325
411,-0.016425914172683524,0.9915439386945121,-0.10946139221326341,-0.06774223642973848
412,0.02373976901133973,0.9889662840296123,-0.01586848207941506,-0.14536266266288525
413,0.0628345332542089,0.9692015441193178,0.07283921074530354,-0.22670385458886558
414,0.09918608792193863,0.9326650366037761,0.15515981630639844,-0.31019909874688567
415,0.13120087073879433,0.8801254489082119,0.22979083842337045,-0.39415948076658275
416,0.1574098147611644,0.8126869179608669,0.2956550547854053,-0.47681255454524096
417,0.1765108672720021,0.7317633024982726,0.351920505144095,-0.5563437255068368
418,0.18740714863879981,0.6390452737133815,0.3980141294370098,-0.6309393406280547
419,0.1892397496210982,0.5364610243454436,0.4336287780865131,-0.6988304296013326
420,0.18141430147053877,0.4261315508813152,0.458723483508809,-0.7583360193495923
421,0.1636206110303299,0.3103215945216023,0.4735170508657466,-0.8079049487155274
422,0.13584482895252356,0.19138743073311765,0.4784751930740575,-0.8461551414586927
423,0.09837380869771495,0.07172277199978956,0.47429159588533615,-0.8719093529785729
424,0.05179151240618157,-0.04629590803420124,0.4618634494574152,-0.8842264880658492
425,-0.0030324779482676575,-0.1603633095197576,0.4422621195041495,-0.8824276914790556
426,-0.06496208457114189,-0.2682972021519462,0.41669975043974106,-0.8661165376951674
427,-0.13262103857318433,-0.3680870365806832,0.38649269196602776,-0.835192787735787
428,-0.2044257271889221,-0.457938110144834,0.3530227168382523,-0.7898593360443372
429,-0.27862377726135745,-0.536310237900801,0.3176970492097606,-0.730622135163454
430,-0.3533374207522433,-0.6019500179273422,0.28190824874066805,-0.6582830563711876
431,-0.4266105637516459,-0.6539159401506597,0.24699499495039756,-0.5739258162705703
432,-0.4964583830450169,-0.6915957664458726,0.21420478915492044,-0.47889526834326956
433,-0.5609182062260062,-0.7147158020813398,0.18465953847384559,-0.374770520492287
434,-0.6181003943593886,-0.723341879887943,0.15932490918320064,-0.26333249060208896
435,-0.66623794126737,-0.717872083844672,0.13898423709844254,-0.1465266483971079
436,-0.7037335307994965,-0.6990214429656179,0.12421766323220984,-0.026421810003771806
437,-0.7292028523126693,-0.667799024376284,0.1153870267115353,0.0948340513097374
438,-0.7415130636043598,-0.6254780413599148,0.11262689731047769,0.21505994113934085
439,-0.7398154075277918,-0.5735597633001093,0.11584197074044733,0.3320888413099425
440,-0.7235711305893432,-0.5137321656037867,0.12471088506684494,0.4438144613997473
441,-0.6925700154764854,-0.4478243851168582,0.1386963504483309,0.5482366424546266
442,-0.6469410206367256,-0.37775814710142347,0.15706132102291065,0.6435043430735756
443,-0.5871547142336024,-0.30549740105307166,0.17889078131743805,0.7279551963292225
444,-0.5140173922238872,-0.23299744276407477,0.2031185739880648,0.800150708965388
445,-0.428656975902725,-0.162154808120462,0.2285585646859529,0.8589062799409725
446,-0.33250098793841626,-0.09475919999911736,0.2539393267002261,0.9033153410578962
447,-0.22724710259851108,-0.03244865394892897,0.2779414356229545,0.932767065017487
448,-0.11482695065594777,0.023330937469940617,0.29923639495490395,0.9469572422734914
449,0.002635972245525687,0.07136093556797637,0.3165261690909866,0.9458920936374136
450,0.12287329739252358,0.11067883432490554,0.3285822816343782,0.929884956656637
451,0.24352255538056639,0.1406002001724784,0.3342834449779216,0.8995459561056717
452,0.36218051372791155,0.1607331437153277,0.3326507213865915,0.8557649382559122
453,0.4764577984933021,0.17098498526446382,0.32287927558099605,0.799688110746514
454,0.5840334842984582,0.17156097521141161,0.30436586258379217,0.7326889808754689
455,0.6827083351907577,0.16295513265130018,0.27673130027109105,0.656334321252464
456,0.7704554092883305,0.1459334661856792,0.2398373010392648,0.5723460096616283
457,0.8454668023979512,0.1215100344654095,0.19379717813904454,0.4825596867875947
458,0.9061953982630017,0.09091648590957122,0.13898009601883166,0.38888124879892494
459,0.9513906135114094,0.055565882593053804,0.07600869661381494,0.29324223988555087
460,0.9801272707663503,0.0170117583793228,0.00575010084790651,0.19755523156115923
461,0.9918269001664802,-0.023096517655414164,-0.07069954751050327,0.10367027037756536
462,0.9862709535999958,-0.06306090763928276,-0.15203666428934007,0.013333443832557218
463,0.9636056127383077,-0.10118317197858297,-0.2367774458815183,-0.07185144347478863
464,0.9243380765967791,-0.13581337470487073,-0.32329009627469124,-0.1504571734924482
465,0.869324421792274,-0.16539716346561603,-0.4098312983436862,-0.2212625926156203
466,0.7997493337803616,-0.18852059126945575,-0.4945860569059787,-0.28327658233514375
467,0.7170982050693538,-0.20395130905572745,-0.5757099517733799,-0.3357559817037533
468,0.6231222818352358,-0.21067504978455343,-0.6513727734720286,-0.37821707425508483
469,0.5197977089220437,-0.20792644374243752,-0.7198024741293982,-0.4104404147123165
470,0.4092794707433267,-0.19521334814845706,-0.7793283522947493,-0.43246893858667523
471,0.29385134846379946,-0.17233403833369332,-0.8284224035611506,-0.44459946639145836
472,0.17587310901128322,-0.13938678863523707,-0.8657378085190003,-0.44736787946988504
473,0.05772620661041743,-0.09677156416111646,-0.8901435948574354,-0.44152840222851153
474,-0.058240688948987714,-0.04518374490099589,-0.9007545997662805,-0.4280275719476024
475,-0.16976502199915647,0.014399993746625317,-0.8969559700023338,-0.40797360865978444
476,-0.27472125465415753,0.080743320173886,-0.8784215673498279,-0.3826020105843912
477,-0.3711681234031947,0.15237888967521424,-0.8451257935246412,-0.3532382924741392
478,-0.45739112056914955,0.22764329635412733,-0.7973485072478638,-0.32125885270158283
479,-0.5319391932241176,0.30471747657172027,-0.7356728733349084,-0.288050998302379
480,-0.5936547974814275,0.38167156580000644,-0.6609761550913701,-0.2549731744471989
481,-0.6416966124440425,0.45651309466857537,-0.5744136328405436,-0.22331643553686736
482,-0.6755544013282633,0.5272373216664997,-0.4773959987932645,-0.1942681595736506
483,-0.6950557028278503,0.5918784416293252,-0.3715607375680104,-0.1688789465825701
484,-0.7003642387628198,0.6485603823031337,-0.2587381485427239,-0.1480335572013015
485,-0.6919701294142308,0.6955459066465182,-0.14091279723372963,-0.13242664128298193
486,-0.6706722105704812,0.7312827760163441,-0.020181294807443365,-0.12254388116191242
487,-0.637552941163563,0.7544457980913793,0.10129260513615279,-0.11864903329014444
488,-0.5939465726147061,0.7639736816456985,0.2213245374439342,-0.1207771988298497
489,-0.5414014161152675,0.7590997456797198,0.33775658870804676,-0.12873449235407006
490,-0.48163718794887267,0.7393756798588292,0.4485037842975368,-0.14210411214593077
491,-0.4164985320551932,0.7046877230055841,0.5515989040781263,-0.16025864987856178
492,-0.3479059104072682,0.6552648123363847,0.6452345721597785,-0.18237831589100995
493,-0.27780511317766643,0.5916784536187262,0.727801632146197,-0.20747460293016637
494,-0.2081166706110914,0.5148342665485969,0.7979229096107983,-0.234418769980904
495,-0.14068644629435278,0.4259553653410566,0.8544815756605768,-0.26197440222824603
496,-0.07723865721524985,0.32655793667528366,0.896643456701749,-0.28883319646449807
497,-0.019332500528283086,0.21841957071237855,0.9238727826449504,-0.31365303607811196
498,0.03167652802714195,0.10354108108922971,0.9359410251486004,-0.33509735830472653
499,0.07466966116831897,-0.0158972879022369,0.9329286451591958,-0.3518747802553972
